IDX_CD,CMP_CD,CMP_KOR,SEC_NM_KOR,기준일
G25,005380,현대차,경기관련소비재,2024-06-20
G25,000270,기아,경기관련소비재,2024-06-20
G25,012330,현대모비스,경기관련소비재,2024-06-20
G25,090430,아모레퍼시픽,경기관련소비재,2024-06-20
G25,051900,LG생활건강,경기관련소비재,2024-06-20
G25,161390,한국타이어앤테크놀로지,경기관련소비재,2024-06-20
G25,021240,코웨이,경기관련소비재,2024-06-20
G25,081660,휠라홀딩스,경기관련소비재,2024-06-20
G25,035250,강원랜드,경기관련소비재,2024-06-20
G25,008770,호텔신라,경기관련소비재,2024-06-20
G25,278470,에이피알,경기관련소비재,2024-06-20
G25,204320,HL만도,경기관련소비재,2024-06-20
G25,192820,코스맥스,경기관련소비재,2024-06-20
G25,257720,실리콘투,경기관련소비재,2024-06-20
G25,139480,이마트,경기관련소비재,2024-06-20
G25,161890,한국콜마,경기관련소비재,2024-06-20
G25,004170,신세계,경기관련소비재,2024-06-20
G25,065350,신성델타테크,경기관련소비재,2024-06-20
G25,383220,F&F,경기관련소비재,2024-06-20
G25,011210,현대위아,경기관련소비재,2024-06-20
G25,004490,세방전지,경기관련소비재,2024-06-20
G25,002790,아모레G,경기관련소비재,2024-06-20
G25,282330,BGF리테일,경기관련소비재,2024-06-20
G25,298020,효성티앤씨,경기관련소비재,2024-06-20
G25,018880,한온시스템,경기관련소비재,2024-06-20
G25,007070,GS리테일,경기관련소비재,2024-06-20
G25,018290,브이티,경기관련소비재,2024-06-20
G25,111770,영원무역,경기관련소비재,2024-06-20
G25,023530,롯데쇼핑,경기관련소비재,2024-06-20
G25,069960,현대백화점,경기관련소비재,2024-06-20
G25,005850,에스엘,경기관련소비재,2024-06-20
G25,048410,현대바이오,경기관련소비재,2024-06-20
G25,039130,하나투어,경기관련소비재,2024-06-20
G25,034230,파라다이스,경기관련소비재,2024-06-20
G25,073240,금호타이어,경기관련소비재,2024-06-20
G25,025540,한국단자,경기관련소비재,2024-06-20
G25,241710,코스메카코리아,경기관련소비재,2024-06-20
G25,009970,영원무역홀딩스,경기관련소비재,2024-06-20
G25,215200,메가스터디교육,경기관련소비재,2024-06-20
G25,015750,성우하이텍,경기관련소비재,2024-06-20
G25,009450,경동나비엔,경기관련소비재,2024-06-20
G25,003620,KG모빌리티,경기관련소비재,2024-06-20
G25,064960,SNT모티브,경기관련소비재,2024-06-20
G25,114090,GKL,경기관련소비재,2024-06-20
G25,119860,커넥트웨이브,경기관련소비재,2024-06-20
G25,000240,한국앤컴퍼니,경기관련소비재,2024-06-20
G25,114840,아이패밀리에스씨,경기관련소비재,2024-06-20
G25,057050,현대홈쇼핑,경기관련소비재,2024-06-20
G25,105630,한세실업,경기관련소비재,2024-06-20
G25,001530,DI동일,경기관련소비재,2024-06-20
G25,025980,아난티,경기관련소비재,2024-06-20
G25,032350,롯데관광개발,경기관련소비재,2024-06-20
G25,352480,씨앤씨인터내셔널,경기관련소비재,2024-06-20
G25,007340,DN오토모티브,경기관련소비재,2024-06-20
G25,215000,골프존,경기관련소비재,2024-06-20
G25,009900,명신산업,경기관련소비재,2024-06-20
G25,064800,젬백스링크,경기관련소비재,2024-06-20
G25,041020,폴라리스오피스,경기관련소비재,2024-06-20
G25,060280,큐렉소,경기관련소비재,2024-06-20
G25,093050,LF,경기관련소비재,2024-06-20
G25,007700,F&F홀딩스,경기관련소비재,2024-06-20
G25,060980,HL홀딩스,경기관련소비재,2024-06-20
G25,002350,넥센타이어,경기관련소비재,2024-06-20
G25,200880,서연이화,경기관련소비재,2024-06-20
G25,271940,일진하이솔루스,경기관련소비재,2024-06-20
G25,036620,감성코퍼레이션,경기관련소비재,2024-06-20
G25,020000,한섬,경기관련소비재,2024-06-20
G25,080160,모두투어,경기관련소비재,2024-06-20
G25,031430,신세계인터내셔날,경기관련소비재,2024-06-20
G25,010690,화신,경기관련소비재,2024-06-20
G25,003570,SNT다이내믹스,경기관련소비재,2024-06-20
G25,000430,대원강업,경기관련소비재,2024-06-20
G25,237880,클리오,경기관련소비재,2024-06-20
G25,151860,KG에코솔루션,경기관련소비재,2024-06-20
G25,006730,서부T&D,경기관련소비재,2024-06-20
G25,230360,에코마케팅,경기관련소비재,2024-06-20
G25,018250,애경산업,경기관련소비재,2024-06-20
G25,001390,KG케미칼,경기관련소비재,2024-06-20
G25,381970,케이카,경기관련소비재,2024-06-20
G25,024720,콜마홀딩스,경기관련소비재,2024-06-20
G25,270660,에브리봇,경기관련소비재,2024-06-20
G25,035150,백산,경기관련소비재,2024-06-20
G25,118990,모트렉스,경기관련소비재,2024-06-20
G25,126600,BGF에코머티리얼즈,경기관련소비재,2024-06-20
G25,452260,한화갤러리아,경기관련소비재,2024-06-20
G25,096240,크레버스,경기관련소비재,2024-06-20
G25,035080,그래디언트,경기관련소비재,2024-06-20
G25,011330,유니켐,경기관련소비재,2024-06-20
G25,424960,스마트레이더시스템,경기관련소비재,2024-06-20
G25,006060,화승인더,경기관련소비재,2024-06-20
G25,192400,쿠쿠홀딩스,경기관련소비재,2024-06-20
G25,009810,플레이그램,경기관련소비재,2024-06-20
G25,092730,네오팜,경기관련소비재,2024-06-20
G25,241590,화승엔터프라이즈,경기관련소비재,2024-06-20
G25,043370,피에이치에이,경기관련소비재,2024-06-20
G25,123040,엠에스오토텍,경기관련소비재,2024-06-20
G25,013990,아가방컴퍼니,경기관련소비재,2024-06-20
G25,126560,현대퓨처넷,경기관련소비재,2024-06-20
G25,284740,쿠쿠홈시스,경기관련소비재,2024-06-20
G25,298540,더네이쳐홀딩스,경기관련소비재,2024-06-20
G25,036530,SNT홀딩스,경기관련소비재,2024-06-20
G25,105550,엣지파운드리,경기관련소비재,2024-06-20
G25,007860,서연,경기관련소비재,2024-06-20
G25,362320,청담글로벌,경기관련소비재,2024-06-20
G25,052260,현대바이오랜드,경기관련소비재,2024-06-20
G25,038110,에코플라스틱,경기관련소비재,2024-06-20
G25,092200,디아이씨,경기관련소비재,2024-06-20
G25,354320,알멕,경기관련소비재,2024-06-20
G25,123410,코리아에프티,경기관련소비재,2024-06-20
G25,002700,신일전자,경기관련소비재,2024-06-20
G25,005720,넥센,경기관련소비재,2024-06-20
G25,214420,토니모리,경기관련소비재,2024-06-20
G25,005390,신성통상,경기관련소비재,2024-06-20
G25,317870,엔바이오니아,경기관련소비재,2024-06-20
G25,066590,우수AMS,경기관련소비재,2024-06-20
G25,453860,에이에스텍,경기관련소비재,2024-06-20
G25,067990,도이치모터스,경기관련소비재,2024-06-20
G25,003200,일신방직,경기관련소비재,2024-06-20
G25,072870,메가스터디,경기관련소비재,2024-06-20
G25,110790,크리스에프앤씨,경기관련소비재,2024-06-20
G25,037710,광주신세계,경기관련소비재,2024-06-20
G25,033530,에스제이지세종,경기관련소비재,2024-06-20
G25,013310,아진산업,경기관련소비재,2024-06-20
G25,070960,모나용평,경기관련소비재,2024-06-20
G25,214330,금호에이치티,경기관련소비재,2024-06-20
G25,084680,이월드,경기관련소비재,2024-06-20
G25,004700,조광피혁,경기관련소비재,2024-06-20
G25,004830,덕성,경기관련소비재,2024-06-20
G25,078520,에이블씨엔씨,경기관련소비재,2024-06-20
G25,068930,디지털대성,경기관련소비재,2024-06-20
G25,194370,제이에스코퍼레이션,경기관련소비재,2024-06-20
G25,063170,서울옥션,경기관련소비재,2024-06-20
G25,215360,우리산업,경기관련소비재,2024-06-20
G25,000050,경방,경기관련소비재,2024-06-20
G25,337930,브랜드엑스코퍼레이션,경기관련소비재,2024-06-20
G25,071840,롯데하이마트,경기관련소비재,2024-06-20
G25,010100,한국무브넥스,경기관련소비재,2024-06-20
G25,036030,케이티알파,경기관련소비재,2024-06-20
G25,095720,웅진씽크빅,경기관련소비재,2024-06-20
G25,038880,아이에이,경기관련소비재,2024-06-20
G25,024900,덕양산업,경기관련소비재,2024-06-20
G25,064090,웨스트라이즈,경기관련소비재,2024-06-20
G25,066910,손오공,경기관련소비재,2024-06-20
G25,086710,선진뷰티사이언스,경기관련소비재,2024-06-20
G25,017370,우신시스템,경기관련소비재,2024-06-20
G25,001460,BYC,경기관련소비재,2024-06-20
G25,042600,새로닉스,경기관련소비재,2024-06-20
G25,012860,모베이스전자,경기관련소비재,2024-06-20
G25,003350,한국화장품제조,경기관련소비재,2024-06-20
G25,087260,모바일어플라이언스,경기관련소비재,2024-06-20
G25,027050,코리아나,경기관련소비재,2024-06-20
G25,439090,마녀공장,경기관련소비재,2024-06-20
G25,009680,모토닉,경기관련소비재,2024-06-20
G25,118000,에스메디,경기관련소비재,2024-06-20
G25,053700,삼보모터스,경기관련소비재,2024-06-20
G25,419050,삼기이브이,경기관련소비재,2024-06-20
G25,226340,본느,경기관련소비재,2024-06-20
G25,044340,위닉스,경기관련소비재,2024-06-20
G25,067280,멀티캠퍼스,경기관련소비재,2024-06-20
G25,234100,폴라리스세원,경기관련소비재,2024-06-20
G25,121440,골프존뉴딘홀딩스,경기관련소비재,2024-06-20
G25,031440,신세계푸드,경기관련소비재,2024-06-20
G25,451250,삐아,경기관련소비재,2024-06-20
G25,002170,삼양통상,경기관련소비재,2024-06-20
G25,123690,한국화장품,경기관련소비재,2024-06-20
G25,006660,삼성공조,경기관련소비재,2024-06-20
G25,033310,엠투엔,경기관련소비재,2024-06-20
G25,009270,신원,경기관련소비재,2024-06-20
G25,214260,라파스,경기관련소비재,2024-06-20
G25,437730,삼현,경기관련소비재,2024-06-20
G25,089470,HDC현대EP,경기관련소비재,2024-06-20
G25,023800,인지컨트롤스,경기관련소비재,2024-06-20
G25,226320,잇츠한불,경기관련소비재,2024-06-20
G25,260930,씨티케이,경기관련소비재,2024-06-20
G25,041930,동아화성,경기관련소비재,2024-06-20
G25,011300,성안머티리얼스,경기관련소비재,2024-06-20
G25,067570,엔브이에이치코리아,경기관련소비재,2024-06-20
G25,047400,유니온머티리얼,경기관련소비재,2024-06-20
G25,215100,로보로보,경기관련소비재,2024-06-20
G25,004100,태양금속,경기관련소비재,2024-06-20
G25,018500,동원금속,경기관련소비재,2024-06-20
G25,104620,노랑풍선,경기관련소비재,2024-06-20
G25,003610,방림,경기관련소비재,2024-06-20
G25,282690,동아타이어,경기관련소비재,2024-06-20
G25,102280,쌍방울,경기관련소비재,2024-06-20
G25,014470,부방,경기관련소비재,2024-06-20
G25,037070,파세코,경기관련소비재,2024-06-20
G25,040420,정상제이엘에스,경기관련소비재,2024-06-20
G25,011320,유니크,경기관련소비재,2024-06-20
G25,002450,삼익악기,경기관련소비재,2024-06-20
G25,145210,다이나믹디자인,경기관련소비재,2024-06-20
G25,170030,현대공업,경기관련소비재,2024-06-20
G25,094850,참좋은여행,경기관련소비재,2024-06-20
G25,016740,두올,경기관련소비재,2024-06-20
G25,145170,노브랜드,경기관련소비재,2024-06-20
G25,053280,예스24,경기관련소비재,2024-06-20
G25,088390,이녹스,경기관련소비재,2024-06-20
G25,159580,제로투세븐,경기관련소비재,2024-06-20
G25,097780,에코볼트,경기관련소비재,2024-06-20
G25,420570,제이투케이바이오,경기관련소비재,2024-06-20
G25,079980,휴비스,경기관련소비재,2024-06-20
G25,067170,오텍,경기관련소비재,2024-06-20
G25,024740,한일단조,경기관련소비재,2024-06-20
G25,021820,세원정공,경기관련소비재,2024-06-20
G25,265560,영화테크,경기관련소비재,2024-06-20
G25,005710,대원산업,경기관련소비재,2024-06-20
G25,013520,화승코퍼레이션,경기관련소비재,2024-06-20
G25,122350,삼기,경기관련소비재,2024-06-20
G25,007980,TP,경기관련소비재,2024-06-20
G25,016090,대현,경기관련소비재,2024-06-20
G25,352700,씨앤투스,경기관련소비재,2024-06-20
G25,101330,모베이스,경기관련소비재,2024-06-20
G25,472850,폰드그룹,경기관련소비재,2024-06-20
G25,032940,원익,경기관련소비재,2024-06-20
G25,168330,내츄럴엔도텍,경기관련소비재,2024-06-20
G25,111380,동인기연,경기관련소비재,2024-06-20
G25,450140,코오롱모빌리티그룹,경기관련소비재,2024-06-20
G25,024910,경창산업,경기관련소비재,2024-06-20
G25,366030,공구우먼,경기관련소비재,2024-06-20
G25,019010,베뉴지,경기관련소비재,2024-06-20
G25,378850,화승알앤에이,경기관련소비재,2024-06-20
G25,005800,신영와코루,경기관련소비재,2024-06-20
G25,023810,인팩,경기관련소비재,2024-06-20
G25,023000,삼원강재,경기관련소비재,2024-06-20
G25,114630,폴라리스우노,경기관련소비재,2024-06-20
G25,013720,CBI,경기관련소비재,2024-06-20
G25,009320,대우부품,경기관련소비재,2024-06-20
G25,010580,에스엠벡셀,경기관련소비재,2024-06-20
G25,020710,시공테크,경기관련소비재,2024-06-20
G25,019680,대교,경기관련소비재,2024-06-20
G25,004060,SG세계물산,경기관련소비재,2024-06-20
G25,082660,코스나인,경기관련소비재,2024-06-20
G25,024950,삼천리자전거,경기관련소비재,2024-06-20
G25,067830,세이브존I&C,경기관련소비재,2024-06-20
G25,019540,일지테크,경기관련소비재,2024-06-20
G25,019180,티에이치엔,경기관련소비재,2024-06-20
G25,007530,와이엠,경기관련소비재,2024-06-20
G25,080530,코디,경기관련소비재,2024-06-20
G25,001620,케이비아이동국실업,경기관련소비재,2024-06-20
G25,006370,대구백화점,경기관련소비재,2024-06-20
G25,000680,LS네트웍스,경기관련소비재,2024-06-20
G25,001380,SG글로벌,경기관련소비재,2024-06-20
G25,041650,상신브레이크,경기관련소비재,2024-06-20
G25,204020,그리티,경기관련소비재,2024-06-20
G25,016450,한세예스24홀딩스,경기관련소비재,2024-06-20
G25,406820,뷰티스킨,경기관련소비재,2024-06-20
G25,080420,모다이노칩,경기관련소비재,2024-06-20
G25,265740,엔에프씨,경기관련소비재,2024-06-20
G25,005360,모나미,경기관련소비재,2024-06-20
G25,039830,오로라,경기관련소비재,2024-06-20
G25,308170,씨티알모빌리티,경기관련소비재,2024-06-20
G25,002920,유성기업,경기관련소비재,2024-06-20
G25,013870,지엠비코리아,경기관련소비재,2024-06-20
G25,212560,네오오토,경기관련소비재,2024-06-20
G25,369370,블리츠웨이스튜디오,경기관련소비재,2024-06-20
G25,353590,오토앤,경기관련소비재,2024-06-20
G25,012280,영화금속,경기관련소비재,2024-06-20
G25,053270,구영테크,경기관련소비재,2024-06-20
G25,024890,대원화성,경기관련소비재,2024-06-20
G25,102370,케이옥션,경기관련소비재,2024-06-20
G25,219550,디와이디,경기관련소비재,2024-06-20
G25,163560,동일고무벨트,경기관련소비재,2024-06-20
G25,252500,세화피앤씨,경기관련소비재,2024-06-20
G25,092780,동양피스톤,경기관련소비재,2024-06-20
G25,126640,화신정공,경기관련소비재,2024-06-20
G25,038620,위즈코프,경기관련소비재,2024-06-20
G25,104040,대성파인텍,경기관련소비재,2024-06-20
G25,057030,YBM넷,경기관련소비재,2024-06-20
G25,033250,체시스,경기관련소비재,2024-06-20
G25,066130,하츠,경기관련소비재,2024-06-20
G25,005320,국동,경기관련소비재,2024-06-20
G25,065500,오리엔트정공,경기관련소비재,2024-06-20
G25,065060,지엔코,경기관련소비재,2024-06-20
G25,025440,DH오토웨어,경기관련소비재,2024-06-20
G25,002880,대유에이텍,경기관련소비재,2024-06-20
G25,031510,오스템,경기관련소비재,2024-06-20
G25,004840,DRB동일,경기관련소비재,2024-06-20
G25,071850,캐스텍코리아,경기관련소비재,2024-06-20
G25,053290,NE능률,경기관련소비재,2024-06-20
G25,007720,대명소노시즌,경기관련소비재,2024-06-20
G25,306040,에스제이그룹,경기관련소비재,2024-06-20
G25,083550,케이엠,경기관련소비재,2024-06-20
G25,080010,이상네트웍스,경기관련소비재,2024-06-20
G25,111110,호전실업,경기관련소비재,2024-06-20
G25,005030,부산주공,경기관련소비재,2024-06-20
G25,058450,엔터파트너즈,경기관련소비재,2024-06-20
G25,043090,더테크놀로지,경기관련소비재,2024-06-20
G25,234920,자이글,경기관련소비재,2024-06-20
G25,241690,유니테크노,경기관련소비재,2024-06-20
G25,227610,아우딘퓨쳐스,경기관련소비재,2024-06-20
G25,012200,계양전기,경기관련소비재,2024-06-20
G25,198940,한주라이트메탈,경기관련소비재,2024-06-20
G25,048430,유라테크,경기관련소비재,2024-06-20
G25,123700,SJM,경기관련소비재,2024-06-20
G25,078590,휴림에이텍,경기관련소비재,2024-06-20
G25,088290,이원컴포텍,경기관련소비재,2024-06-20
G25,025620,제이준코스메틱,경기관련소비재,2024-06-20
G25,352090,스톰테크,경기관련소비재,2024-06-20
G25,075180,새론오토모티브,경기관련소비재,2024-06-20
G25,024940,PN풍년,경기관련소비재,2024-06-20
G25,215480,토박스코리아,경기관련소비재,2024-06-20
G25,013000,세우글로벌,경기관련소비재,2024-06-20
G25,267790,배럴,경기관련소비재,2024-06-20
G25,100220,비상교육,경기관련소비재,2024-06-20
G25,256150,한독크린텍,경기관련소비재,2024-06-20
G25,045520,크린앤사이언스,경기관련소비재,2024-06-20
G25,122690,서진오토모티브,경기관련소비재,2024-06-20
G25,318160,셀바이오휴먼텍,경기관련소비재,2024-06-20
G25,263020,디케이앤디,경기관련소비재,2024-06-20
G25,021650,한국큐빅,경기관련소비재,2024-06-20
G25,133750,메가엠디,경기관련소비재,2024-06-20
G25,051390,YW,경기관련소비재,2024-06-20
G25,014100,메디앙스,경기관련소비재,2024-06-20
G25,093240,형지엘리트,경기관련소비재,2024-06-20
G25,083660,CSA 코스믹,경기관련소비재,2024-06-20
G25,047770,코데즈컴바인,경기관련소비재,2024-06-20
G25,008600,윌비스,경기관련소비재,2024-06-20
G25,019770,서연탑메탈,경기관련소비재,2024-06-20
G25,090080,평화산업,경기관련소비재,2024-06-20
G25,093380,풍강,경기관련소비재,2024-06-20
G25,026040,제이에스티나,경기관련소비재,2024-06-20
G25,085910,네오티스,경기관련소비재,2024-06-20
G25,002420,세기상사,경기관련소비재,2024-06-20
G25,339950,아이비김영,경기관련소비재,2024-06-20
G25,310870,디와이씨,경기관련소비재,2024-06-20
G25,023460,CNH,경기관련소비재,2024-06-20
G25,050120,ES큐브,경기관련소비재,2024-06-20
G25,376180,피코그램,경기관련소비재,2024-06-20
G25,069640,한세엠케이,경기관련소비재,2024-06-20
G25,289010,아이스크림에듀,경기관련소비재,2024-06-20
G25,154040,다산솔루에타,경기관련소비재,2024-06-20
G25,069920,아이에스이커머스,경기관련소비재,2024-06-20
G25,113810,디젠스,경기관련소비재,2024-06-20
G25,365900,브이씨,경기관련소비재,2024-06-20
G25,002070,비비안,경기관련소비재,2024-06-20
G25,130500,GH신소재,경기관련소비재,2024-06-20
G25,000040,KR모터스,경기관련소비재,2024-06-20
G25,018700,바른손,경기관련소비재,2024-06-20
G25,010770,평화홀딩스,경기관련소비재,2024-06-20
G25,014990,인디에프,경기관련소비재,2024-06-20
G25,090150,아이윈,경기관련소비재,2024-06-20
G25,019660,글로본,경기관련소비재,2024-06-20
G25,143210,핸즈코퍼레이션,경기관련소비재,2024-06-20
G25,109670,씨싸이트,경기관련소비재,2024-06-20
G25,159910,스킨앤스킨,경기관련소비재,2024-06-20
G25,000950,전방,경기관련소비재,2024-06-20
G25,001420,태원물산,경기관련소비재,2024-06-20
G25,032080,아즈텍WB,경기관련소비재,2024-06-20
G25,123330,제닉,경기관련소비재,2024-06-20
G25,025530,SJM홀딩스,경기관련소비재,2024-06-20
G25,053060,세동,경기관련소비재,2024-06-20
G25,134060,이퓨쳐,경기관련소비재,2024-06-20
G25,008290,원풍물산,경기관련소비재,2024-06-20
G25,128540,에코캡,경기관련소비재,2024-06-20
G25,084870,TBH글로벌,경기관련소비재,2024-06-20
G25,080470,성창오토텍,경기관련소비재,2024-06-20
G25,072470,우리산업홀딩스,경기관련소비재,2024-06-20
G25,024120,KB오토시스,경기관련소비재,2024-06-20
G25,001070,대한방직,경기관련소비재,2024-06-20
G25,084440,유비온,경기관련소비재,2024-06-20
G25,024830,세원물산,경기관련소비재,2024-06-20
G25,130740,티피씨글로벌,경기관련소비재,2024-06-20
G25,111710,남화산업,경기관련소비재,2024-06-20
G25,123750,알톤,경기관련소비재,2024-06-20
G25,039740,한국정보공학,경기관련소비재,2024-06-20
G25,088790,진도,경기관련소비재,2024-06-20
G25,225590,패션플랫폼,경기관련소비재,2024-06-20
G25,146060,율촌,경기관련소비재,2024-06-20
G25,290120,DH오토리드,경기관련소비재,2024-06-20
G25,344860,이노진,경기관련소비재,2024-06-20
G25,335870,윙스풋,경기관련소비재,2024-06-20
G25,011080,형지I&C,경기관련소비재,2024-06-20
G25,020400,대동금속,경기관련소비재,2024-06-20
G25,308100,까스텔바작,경기관련소비재,2024-06-20
G25,098660,에스티오,경기관련소비재,2024-06-20
G25,008500,일정실업,경기관련소비재,2024-06-20
G25,035290,골드앤에스,경기관련소비재,2024-06-20
G35,068270,셀트리온,건강관리,2024-06-20
G35,207940,삼성바이오로직스,건강관리,2024-06-20
G35,196170,알테오젠,건강관리,2024-06-20
G35,028300,HLB,건강관리,2024-06-20
G35,000100,유한양행,건강관리,2024-06-20
G35,141080,리가켐바이오,건강관리,2024-06-20
G35,000250,삼천당제약,건강관리,2024-06-20
G35,128940,한미약품,건강관리,2024-06-20
G35,068760,셀트리온제약,건강관리,2024-06-20
G35,145020,휴젤,건강관리,2024-06-20
G35,326030,SK바이오팜,건강관리,2024-06-20
G35,009420,한올바이오파마,건강관리,2024-06-20
G35,039200,오스코텍,건강관리,2024-06-20
G35,302440,SK바이오사이언스,건강관리,2024-06-20
G35,328130,루닛,건강관리,2024-06-20
G35,067630,HLB생명과학,건강관리,2024-06-20
G35,237690,에스티팜,건강관리,2024-06-20
G35,185750,종근당,건강관리,2024-06-20
G35,214450,파마리서치,건강관리,2024-06-20
G35,298380,에이비엘바이오,건강관리,2024-06-20
G35,096530,씨젠,건강관리,2024-06-20
G35,008930,한미사이언스,건강관리,2024-06-20
G35,087010,펩트론,건강관리,2024-06-20
G35,086900,메디톡스,건강관리,2024-06-20
G35,145720,덴티움,건강관리,2024-06-20
G35,085660,차바이오텍,건강관리,2024-06-20
G35,287410,제이시스메디칼,건강관리,2024-06-20
G35,006280,녹십자,건강관리,2024-06-20
G35,064550,바이오니아,건강관리,2024-06-20
G35,335890,비올,건강관리,2024-06-20
G35,007390,네이처셀,건강관리,2024-06-20
G35,115450,HLB테라퓨틱스,건강관리,2024-06-20
G35,069620,대웅제약,건강관리,2024-06-20
G35,053030,바이넥스,건강관리,2024-06-20
G35,137310,에스디바이오센서,건강관리,2024-06-20
G35,047920,HLB제약,건강관리,2024-06-20
G35,086450,동국제약,건강관리,2024-06-20
G35,199800,툴젠,건강관리,2024-06-20
G35,215600,신라젠,건강관리,2024-06-20
G35,099190,아이센스,건강관리,2024-06-20
G35,206650,유바이오로직스,건강관리,2024-06-20
G35,108860,셀바스AI,건강관리,2024-06-20
G35,228760,지노믹트리,건강관리,2024-06-20
G35,214370,케어젠,건강관리,2024-06-20
G35,214150,클래시스,건강관리,2024-06-20
G35,001060,JW중외제약,건강관리,2024-06-20
G35,000640,동아쏘시오홀딩스,건강관리,2024-06-20
G35,092040,아미코젠,건강관리,2024-06-20
G35,310210,보로노이,건강관리,2024-06-20
G35,195940,HK이노엔,건강관리,2024-06-20
G35,336570,원텍,건강관리,2024-06-20
G35,019170,신풍제약,건강관리,2024-06-20
G35,294090,이오플로우,건강관리,2024-06-20
G35,003090,대웅,건강관리,2024-06-20
G35,304360,에스바이오메딕스,건강관리,2024-06-20
G35,005250,녹십자홀딩스,건강관리,2024-06-20
G35,290650,엘앤씨바이오,건강관리,2024-06-20
G35,170900,동아에스티,건강관리,2024-06-20
G35,003850,보령,건강관리,2024-06-20
G35,455900,엔젤로보틱스,건강관리,2024-06-20
G35,003000,부광약품,건강관리,2024-06-20
G35,358570,지아이이노베이션,건강관리,2024-06-20
G35,397030,에이프릴바이오,건강관리,2024-06-20
G35,206640,바디텍메드,건강관리,2024-06-20
G35,372320,큐로셀,건강관리,2024-06-20
G35,256840,한국비엔씨,건강관리,2024-06-20
G35,323990,박셀바이오,건강관리,2024-06-20
G35,041830,인바디,건강관리,2024-06-20
G35,220100,퓨쳐켐,건강관리,2024-06-20
G35,144510,지씨셀,건강관리,2024-06-20
G35,166480,코아스템켐온,건강관리,2024-06-20
G35,340570,티앤엘,건강관리,2024-06-20
G35,347850,디앤디파마텍,건강관리,2024-06-20
G35,307750,국전약품,건강관리,2024-06-20
G35,214680,디알텍,건강관리,2024-06-20
G35,174900,앱클론,건강관리,2024-06-20
G35,058820,CMG제약,건강관리,2024-06-20
G35,095700,제넥신,건강관리,2024-06-20
G35,243070,휴온스,건강관리,2024-06-20
G35,445680,큐리옥스바이오시스템즈,건강관리,2024-06-20
G35,078160,메디포스트,건강관리,2024-06-20
G35,033270,유나이티드제약,건강관리,2024-06-20
G35,100120,뷰웍스,건강관리,2024-06-20
G35,205470,휴마시스,건강관리,2024-06-20
G35,200670,휴메딕스,건강관리,2024-06-20
G35,005500,삼진제약,건강관리,2024-06-20
G35,338220,뷰노,건강관리,2024-06-20
G35,009290,광동제약,건강관리,2024-06-20
G35,099430,바이오플러스,건강관리,2024-06-20
G35,003520,영진약품,건강관리,2024-06-20
G35,314930,바이오다인,건강관리,2024-06-20
G35,200130,콜마비앤에이치,건강관리,2024-06-20
G35,003220,대원제약,건강관리,2024-06-20
G35,216080,제테마,건강관리,2024-06-20
G35,043150,바텍,건강관리,2024-06-20
G35,041960,코미팜,건강관리,2024-06-20
G35,039840,디오,건강관리,2024-06-20
G35,038290,마크로젠,건강관리,2024-06-20
G35,054950,제이브이엠,건강관리,2024-06-20
G35,083790,CG인바이츠,건강관리,2024-06-20
G35,048530,인트론바이오,건강관리,2024-06-20
G35,007570,일양약품,건강관리,2024-06-20
G35,217730,강스템바이오텍,건강관리,2024-06-20
G35,235980,메드팩토,건강관리,2024-06-20
G35,203400,에이비온,건강관리,2024-06-20
G35,016580,환인제약,건강관리,2024-06-20
G35,011000,진원생명과학,건강관리,2024-06-20
G35,007460,에이프로젠,건강관리,2024-06-20
G35,060590,씨티씨바이오,건강관리,2024-06-20
G35,249420,일동제약,건강관리,2024-06-20
G35,102940,코오롱생명과학,건강관리,2024-06-20
G35,084990,헬릭스미스,건강관리,2024-06-20
G35,001630,종근당홀딩스,건강관리,2024-06-20
G35,156100,엘앤케이바이오,건강관리,2024-06-20
G35,226950,올릭스,건강관리,2024-06-20
G35,086890,이수앱지스,건강관리,2024-06-20
G35,138610,나이벡,건강관리,2024-06-20
G35,000020,동화약품,건강관리,2024-06-20
G35,322510,제이엘케이,건강관리,2024-06-20
G35,458870,씨어스테크놀로지,건강관리,2024-06-20
G35,217330,싸이토젠,건강관리,2024-06-20
G35,084650,랩지노믹스,건강관리,2024-06-20
G35,377740,바이오노트,건강관리,2024-06-20
G35,334970,프레스티지바이오로직스,건강관리,2024-06-20
G35,183490,엔지켐생명과학,건강관리,2024-06-20
G35,056090,이노시스,건강관리,2024-06-20
G35,084110,휴온스글로벌,건강관리,2024-06-20
G35,067080,대화제약,건강관리,2024-06-20
G35,065660,안트로젠,건강관리,2024-06-20
G35,042520,한스바이오메드,건강관리,2024-06-20
G35,001360,삼성제약,건강관리,2024-06-20
G35,228670,레이,건강관리,2024-06-20
G35,462510,라메디텍,건강관리,2024-06-20
G35,032620,유비케어,건강관리,2024-06-20
G35,314130,지놈앤컴퍼니,건강관리,2024-06-20
G35,048870,시너지이노베이션,건강관리,2024-06-20
G35,096760,JW홀딩스,건강관리,2024-06-20
G35,002390,한독,건강관리,2024-06-20
G35,046210,HLB파나진,건강관리,2024-06-20
G35,023910,대한약품,건강관리,2024-06-20
G35,006620,동구바이오제약,건강관리,2024-06-20
G35,008490,서흥,건강관리,2024-06-20
G35,388870,파로스아이바이오,건강관리,2024-06-20
G35,372910,한컴라이프케어,건강관리,2024-06-20
G35,461030,아이엠비디엑스,건강관리,2024-06-20
G35,234080,JW생명과학,건강관리,2024-06-20
G35,066700,테라젠이텍스,건강관리,2024-06-20
G35,305090,마이크로디지탈,건강관리,2024-06-20
G35,086820,바이오솔루션,건강관리,2024-06-20
G35,115180,큐리언트,건강관리,2024-06-20
G35,278650,HLB바이오스텝,건강관리,2024-06-20
G35,065510,휴비츠,건강관리,2024-06-20
G35,284620,카이노스메드,건강관리,2024-06-20
G35,011040,경동제약,건강관리,2024-06-20
G35,439580,블루엠텍,건강관리,2024-06-20
G35,293780,압타바이오,건강관리,2024-06-20
G35,261200,덴티스,건강관리,2024-06-20
G35,000520,삼일제약,건강관리,2024-06-20
G35,338840,와이바이오로직스,건강관리,2024-06-20
G35,082800,비보존 제약,건강관리,2024-06-20
G35,002210,동성제약,건강관리,2024-06-20
G35,004720,팜젠사이언스,건강관리,2024-06-20
G35,179290,엠아이텍,건강관리,2024-06-20
G35,384470,코어라인소프트,건강관리,2024-06-20
G35,074430,아미노로직스,건강관리,2024-06-20
G35,271980,제일약품,건강관리,2024-06-20
G35,102460,이연제약,건강관리,2024-06-20
G35,246710,티앤알바이오팹,건강관리,2024-06-20
G35,164060,이루다,건강관리,2024-06-20
G35,226330,신테카바이오,건강관리,2024-06-20
G35,104540,코렌텍,건강관리,2024-06-20
G35,106190,하이텍팜,건강관리,2024-06-20
G35,293480,하나제약,건강관리,2024-06-20
G35,059210,메타바이오메드,건강관리,2024-06-20
G35,036220,오상헬스케어,건강관리,2024-06-20
G35,194700,노바렉스,건강관리,2024-06-20
G35,039860,나노엔텍,건강관리,2024-06-20
G35,234690,녹십자웰빙,건강관리,2024-06-20
G35,199550,레이저옵텍,건강관리,2024-06-20
G35,191420,테고사이언스,건강관리,2024-06-20
G35,261780,차백신연구소,건강관리,2024-06-20
G35,204840,지엘팜텍,건강관리,2024-06-20
G35,041910,폴라리스AI파마,건강관리,2024-06-20
G35,003060,에이프로젠바이오로직스,건강관리,2024-06-20
G35,250060,모비스,건강관리,2024-06-20
G35,063160,종근당바이오,건강관리,2024-06-20
G35,348150,고바이오랩,건강관리,2024-06-20
G35,359090,씨엔알리서치,건강관리,2024-06-20
G35,032850,비트컴퓨터,건강관리,2024-06-20
G35,149980,하이로닉,건강관리,2024-06-20
G35,041920,메디아나,건강관리,2024-06-20
G35,200230,텔콘RF제약,건강관리,2024-06-20
G35,086040,바이오톡스텍,건강관리,2024-06-20
G35,131030,옵투스제약,건강관리,2024-06-20
G35,099750,이지케어텍,건강관리,2024-06-20
G35,071200,인피니트헬스케어,건강관리,2024-06-20
G35,004310,현대약품,건강관리,2024-06-20
G35,311690,CJ 바이오사이언스,건강관리,2024-06-20
G35,061250,화일약품,건강관리,2024-06-20
G35,389470,인벤티지랩,건강관리,2024-06-20
G35,049960,쎌바이오텍,건강관리,2024-06-20
G35,253840,수젠텍,건강관리,2024-06-20
G35,185490,아이진,건강관리,2024-06-20
G35,072020,중앙백신,건강관리,2024-06-20
G35,175250,아이큐어,건강관리,2024-06-20
G35,002720,국제약품,건강관리,2024-06-20
G35,067370,선바이오,건강관리,2024-06-20
G35,180400,DXVX,건강관리,2024-06-20
G35,054670,대한뉴팜,건강관리,2024-06-20
G35,196300,애니젠,건강관리,2024-06-20
G35,214390,경보제약,건강관리,2024-06-20
G35,003120,일성아이에스,건강관리,2024-06-20
G35,383930,디티앤씨알오,건강관리,2024-06-20
G35,067290,JW신약,건강관리,2024-06-20
G35,142760,모아라이프플러스,건강관리,2024-06-20
G35,122310,제노레이,건강관리,2024-06-20
G35,226400,오스테오닉,건강관리,2024-06-20
G35,263700,케어랩스,건강관리,2024-06-20
G35,035610,솔본,건강관리,2024-06-20
G35,078140,대봉엘에스,건강관리,2024-06-20
G35,365270,큐라클,건강관리,2024-06-20
G35,302550,리메드,건강관리,2024-06-20
G35,032300,한국파마,건강관리,2024-06-20
G35,376930,노을,건강관리,2024-06-20
G35,187420,제노포커스,건강관리,2024-06-20
G35,225220,제놀루션,건강관리,2024-06-20
G35,052770,아이톡시,건강관리,2024-06-20
G35,054050,농우바이오,건강관리,2024-06-20
G35,304840,피플바이오,건강관리,2024-06-20
G35,100700,세운메디칼,건강관리,2024-06-20
G35,246960,SCL사이언스,건강관리,2024-06-20
G35,263690,디알젬,건강관리,2024-06-20
G35,308080,바이젠셀,건강관리,2024-06-20
G35,299170,더블유에스아이,건강관리,2024-06-20
G35,153710,옵티팜,건강관리,2024-06-20
G35,038070,서린바이오,건강관리,2024-06-20
G35,017180,명문제약,건강관리,2024-06-20
G35,352770,클리노믹스,건강관리,2024-06-20
G35,251120,바이오에프디엔씨,건강관리,2024-06-20
G35,222040,코스맥스엔비티,건강관리,2024-06-20
G35,000220,유유제약,건강관리,2024-06-20
G35,012790,신일제약,건강관리,2024-06-20
G35,405000,플라즈맵,건강관리,2024-06-20
G35,208370,셀바스헬스케어,건강관리,2024-06-20
G35,330350,위더스제약,건강관리,2024-06-20
G35,109820,진매트릭스,건강관리,2024-06-20
G35,317690,퀀타매트릭스,건강관리,2024-06-20
G35,036180,지더블유바이텍,건강관리,2024-06-20
G35,009300,삼아제약,건강관리,2024-06-20
G35,263050,유틸렉스,건강관리,2024-06-20
G35,270870,뉴트리,건강관리,2024-06-20
G35,307280,원바이오젠,건강관리,2024-06-20
G35,222110,팬젠,건강관리,2024-06-20
G35,246720,아스타,건강관리,2024-06-20
G35,007370,진양제약,건강관리,2024-06-20
G35,214610,미코바이오메드,건강관리,2024-06-20
G35,228850,레이언스,건강관리,2024-06-20
G35,127120,디엔에이링크,건강관리,2024-06-20
G35,298060,에스씨엠생명과학,건강관리,2024-06-20
G35,260660,알리코제약,건강관리,2024-06-20
G35,363250,진시스템,건강관리,2024-06-20
G35,002630,오리엔트바이오,건강관리,2024-06-20
G35,001540,안국약품,건강관리,2024-06-20
G35,044820,코스맥스비티아이,건강관리,2024-06-20
G35,002620,제일파마홀딩스,건강관리,2024-06-20
G35,288330,브릿지바이오테라퓨틱스,건강관리,2024-06-20
G35,068330,일신바이오,건강관리,2024-06-20
G35,321550,티움바이오,건강관리,2024-06-20
G35,142280,녹십자엠에스,건강관리,2024-06-20
G35,002800,신신제약,건강관리,2024-06-20
G35,044960,이글벳,건강관리,2024-06-20
G35,034940,조아제약,건강관리,2024-06-20
G35,348080,큐라티스,건강관리,2024-06-20
G35,335810,프리시젼바이오,건강관리,2024-06-20
G35,109960,AP헬스케어,건강관리,2024-06-20
G35,229000,젠큐릭스,건강관리,2024-06-20
G35,241820,피씨엘,건강관리,2024-06-20
G35,238120,얼라인드,건강관리,2024-06-20
G35,378800,샤페론,건강관리,2024-06-20
G35,065170,비엘팜텍,건강관리,2024-06-20
G35,000230,일동홀딩스,건강관리,2024-06-20
G35,115480,씨유메디칼,건강관리,2024-06-20
G35,014570,고려제약,건강관리,2024-06-20
G35,389030,지니너스,건강관리,2024-06-20
G35,080720,한국유니온제약,건강관리,2024-06-20
G35,006140,피제이전자,건강관리,2024-06-20
G35,291650,압타머사이언스,건강관리,2024-06-20
G35,290660,네오펙트,건강관리,2024-06-20
G35,347740,피엔케이피부임상연구센타,건강관리,2024-06-20
G35,131220,대한과학,건강관리,2024-06-20
G35,058110,멕아이씨에스,건강관리,2024-06-20
G35,200780,비씨월드제약,건강관리,2024-06-20
G35,354200,엔젠바이오,건강관리,2024-06-20
G35,004080,신흥,건강관리,2024-06-20
G35,239610,에이치엘사이언스,건강관리,2024-06-20
G35,419540,비스토스,건강관리,2024-06-20
G35,043100,솔고바이오,건강관리,2024-06-20
G35,303360,프로티아,건강관리,2024-06-20
G35,199730,바이오인프라,건강관리,2024-06-20
G35,018620,우진비앤지,건강관리,2024-06-20
G35,044480,빌리언스,건강관리,2024-06-20
G35,036480,대성미생물,건강관리,2024-06-20
G35,299660,셀리드,건강관리,2024-06-20
G35,377220,프롬바이오,건강관리,2024-06-20
G35,086060,진바이오텍,건강관리,2024-06-20
G35,038530,케이바이오,건강관리,2024-06-20
G35,314140,알피바이오,건강관리,2024-06-20
G35,246250,에스엘에스바이오,건강관리,2024-06-20
G35,238200,비피도,건강관리,2024-06-20
G35,053950,경남제약,건강관리,2024-06-20
G35,223250,드림씨아이에스,건강관리,2024-06-20
G35,353190,휴럼,건강관리,2024-06-20
G35,221800,유투바이오,건강관리,2024-06-20
G35,018680,서울제약,건강관리,2024-06-20
G35,154030,아시아종묘,건강관리,2024-06-20
G35,187660,에이디엠코리아,건강관리,2024-06-20
G35,331920,셀레믹스,건강관리,2024-06-20
G35,114450,그린생명과학,건강관리,2024-06-20
G35,043710,서울리거,건강관리,2024-06-20
G35,347700,라이프시맨틱스,건강관리,2024-06-20
G35,179530,애드바이오텍,건강관리,2024-06-20
G35,188260,세니젠,건강관리,2024-06-20
G35,318010,팜스빌,건강관리,2024-06-20
G35,215380,우정바이오,건강관리,2024-06-20
G50,035420,NAVER,커뮤니케이션서비스,2024-06-20
G50,035720,카카오,커뮤니케이션서비스,2024-06-20
G50,259960,크래프톤,커뮤니케이션서비스,2024-06-20
G50,017670,SK텔레콤,커뮤니케이션서비스,2024-06-20
G50,030200,KT,커뮤니케이션서비스,2024-06-20
G50,036570,엔씨소프트,커뮤니케이션서비스,2024-06-20
G50,352820,하이브,커뮤니케이션서비스,2024-06-20
G50,032640,LG유플러스,커뮤니케이션서비스,2024-06-20
G50,035900,JYP Ent.,커뮤니케이션서비스,2024-06-20
G50,041510,에스엠,커뮤니케이션서비스,2024-06-20
G50,030000,제일기획,커뮤니케이션서비스,2024-06-20
G50,251270,넷마블,커뮤니케이션서비스,2024-06-20
G50,263750,펄어비스,커뮤니케이션서비스,2024-06-20
G50,067160,SOOP,커뮤니케이션서비스,2024-06-20
G50,035760,CJ ENM,커뮤니케이션서비스,2024-06-20
G50,112040,위메이드,커뮤니케이션서비스,2024-06-20
G50,214320,이노션,커뮤니케이션서비스,2024-06-20
G50,293490,카카오게임즈,커뮤니케이션서비스,2024-06-20
G50,192080,더블유게임즈,커뮤니케이션서비스,2024-06-20
G50,253450,스튜디오드래곤,커뮤니케이션서비스,2024-06-20
G50,122870,와이지엔터테인먼트,커뮤니케이션서비스,2024-06-20
G50,194480,데브시스터즈,커뮤니케이션서비스,2024-06-20
G50,079160,CJ CGV,커뮤니케이션서비스,2024-06-20
G50,069080,웹젠,커뮤니케이션서비스,2024-06-20
G50,225570,넥슨게임즈,커뮤니케이션서비스,2024-06-20
G50,078340,컴투스,커뮤니케이션서비스,2024-06-20
G50,095660,네오위즈,커뮤니케이션서비스,2024-06-20
G50,376300,디어유,커뮤니케이션서비스,2024-06-20
G50,034120,SBS,커뮤니케이션서비스,2024-06-20
G50,299900,위지윅스튜디오,커뮤니케이션서비스,2024-06-20
G50,101730,위메이드맥스,커뮤니케이션서비스,2024-06-20
G50,066790,씨씨에스,커뮤니케이션서비스,2024-06-20
G50,263720,디앤씨미디어,커뮤니케이션서비스,2024-06-20
G50,036420,콘텐트리중앙,커뮤니케이션서비스,2024-06-20
G50,432430,와이랩,커뮤니케이션서비스,2024-06-20
G50,053210,스카이라이프,커뮤니케이션서비스,2024-06-20
G50,122450,KX,커뮤니케이션서비스,2024-06-20
G50,040300,YTN,커뮤니케이션서비스,2024-06-20
G50,012170,아센디오,커뮤니케이션서비스,2024-06-20
G50,063080,컴투스홀딩스,커뮤니케이션서비스,2024-06-20
G50,006490,인스코비,커뮤니케이션서비스,2024-06-20
G50,206560,덱스터,커뮤니케이션서비스,2024-06-20
G50,182360,큐브엔터,커뮤니케이션서비스,2024-06-20
G50,037560,LG헬로비전,커뮤니케이션서비스,2024-06-20
G50,037270,YG PLUS,커뮤니케이션서비스,2024-06-20
G50,043610,지니뮤직,커뮤니케이션서비스,2024-06-20
G50,217270,넵튠,커뮤니케이션서비스,2024-06-20
G50,058630,엠게임,커뮤니케이션서비스,2024-06-20
G50,086980,쇼박스,커뮤니케이션서비스,2024-06-20
G50,067000,조이시티,커뮤니케이션서비스,2024-06-20
G50,300080,플리토,커뮤니케이션서비스,2024-06-20
G50,200350,래몽래인,커뮤니케이션서비스,2024-06-20
G50,207760,미스터블루,커뮤니케이션서비스,2024-06-20
G50,418470,밀리의서재,커뮤니케이션서비스,2024-06-20
G50,048550,SM C&C,커뮤니케이션서비스,2024-06-20
G50,054780,키이스트,커뮤니케이션서비스,2024-06-20
G50,089600,나스미디어,커뮤니케이션서비스,2024-06-20
G50,039340,한국경제TV,커뮤니케이션서비스,2024-06-20
G50,048910,대원미디어,커뮤니케이션서비스,2024-06-20
G50,020120,키다리스튜디오,커뮤니케이션서비스,2024-06-20
G50,016880,웅진,커뮤니케이션서비스,2024-06-20
G50,042420,네오위즈홀딩스,커뮤니케이션서비스,2024-06-20
G50,068290,삼성출판사,커뮤니케이션서비스,2024-06-20
G50,241840,에이스토리,커뮤니케이션서비스,2024-06-20
G50,035000,HS애드,커뮤니케이션서비스,2024-06-20
G50,058400,KNN,커뮤니케이션서비스,2024-06-20
G50,036630,세종텔레콤,커뮤니케이션서비스,2024-06-20
G50,310200,애니플러스,커뮤니케이션서비스,2024-06-20
G50,361570,알비더블유,커뮤니케이션서비스,2024-06-20
G50,123420,위메이드플레이,커뮤니케이션서비스,2024-06-20
G50,419530,SAMG엔터,커뮤니케이션서비스,2024-06-20
G50,201490,미투온,커뮤니케이션서비스,2024-06-20
G50,289220,자이언트스텝,커뮤니케이션서비스,2024-06-20
G50,060570,드림어스컴퍼니,커뮤니케이션서비스,2024-06-20
G50,160550,NEW,커뮤니케이션서비스,2024-06-20
G50,063440,SM Life Design,커뮤니케이션서비스,2024-06-20
G50,322780,코퍼스코리아,커뮤니케이션서비스,2024-06-20
G50,033830,티비씨,커뮤니케이션서비스,2024-06-20
G50,205500,액션스퀘어,커뮤니케이션서비스,2024-06-20
G50,236810,엔비티,커뮤니케이션서비스,2024-06-20
G50,216050,인크로스,커뮤니케이션서비스,2024-06-20
G50,052790,액토즈소프트,커뮤니케이션서비스,2024-06-20
G50,389140,포바이포,커뮤니케이션서비스,2024-06-20
G50,134580,탑코미디어,커뮤니케이션서비스,2024-06-20
G50,123570,이엠넷,커뮤니케이션서비스,2024-06-20
G50,023770,플레이위드,커뮤니케이션서비스,2024-06-20
G50,068050,팬엔터테인먼트,커뮤니케이션서비스,2024-06-20
G50,032800,판타지오,커뮤니케이션서비스,2024-06-20
G50,046390,삼화네트웍스,커뮤니케이션서비스,2024-06-20
G50,214270,FSN,커뮤니케이션서비스,2024-06-20
G50,065530,와이어블,커뮤니케이션서비스,2024-06-20
G50,408900,스튜디오미르,커뮤니케이션서비스,2024-06-20
G50,363260,모비데이즈,커뮤니케이션서비스,2024-06-20
G50,089230,THE E&M,커뮤니케이션서비스,2024-06-20
G50,011420,갤럭시아에스엠,커뮤니케이션서비스,2024-06-20
G50,010470,오리콤,커뮤니케이션서비스,2024-06-20
G50,173940,에프엔씨엔터,커뮤니케이션서비스,2024-06-20
G50,348030,모비릭스,커뮤니케이션서비스,2024-06-20
G50,291230,엔피,커뮤니케이션서비스,2024-06-20
G50,052220,iMBC,커뮤니케이션서비스,2024-06-20
G50,273060,와이즈버즈,커뮤니케이션서비스,2024-06-20
G50,208640,썸에이지,커뮤니케이션서비스,2024-06-20
G50,239340,이스트에이드,커뮤니케이션서비스,2024-06-20
G50,443250,레뷰코퍼레이션,커뮤니케이션서비스,2024-06-20
G50,047080,한빛소프트,커뮤니케이션서비스,2024-06-20
G50,094860,네오리진,커뮤니케이션서비스,2024-06-20
G50,035620,바른손이앤에이,커뮤니케이션서비스,2024-06-20
G50,104200,NHN벅스,커뮤니케이션서비스,2024-06-20
G50,331520,밸로프,커뮤니케이션서비스,2024-06-20
G50,060240,룽투코리아,커뮤니케이션서비스,2024-06-20
G50,204610,티쓰리,커뮤니케이션서비스,2024-06-20
G50,417180,핑거스토리,커뮤니케이션서비스,2024-06-20
G50,127710,아시아경제,커뮤니케이션서비스,2024-06-20
G50,036000,예림당,커뮤니케이션서비스,2024-06-20
G50,030350,드래곤플라이,커뮤니케이션서비스,2024-06-20
G50,237820,플레이디,커뮤니케이션서비스,2024-06-20
G50,210120,빅텐츠,커뮤니케이션서비스,2024-06-20
G50,317530,캐리소프트,커뮤니케이션서비스,2024-06-20
G50,131100,티엔엔터테인먼트,커뮤니케이션서비스,2024-06-20
G50,362990,드림인사이트,커뮤니케이션서비스,2024-06-20
G50,050090,비케이홀딩스,커뮤니케이션서비스,2024-06-20
G50,078860,아이오케이,커뮤니케이션서비스,2024-06-20
G50,408920,메쎄이상,커뮤니케이션서비스,2024-06-20
G40,105560,KB금융,금융,2024-06-20
G40,055550,신한지주,금융,2024-06-20
G40,086790,하나금융지주,금융,2024-06-20
G40,000810,삼성화재,금융,2024-06-20
G40,316140,우리금융지주,금융,2024-06-20
G40,032830,삼성생명,금융,2024-06-20
G40,005830,DB손해보험,금융,2024-06-20
G40,138040,메리츠금융지주,금융,2024-06-20
G40,024110,기업은행,금융,2024-06-20
G40,323410,카카오뱅크,금융,2024-06-20
G40,071050,한국금융지주,금융,2024-06-20
G40,175330,JB금융지주,금융,2024-06-20
G40,006800,미래에셋증권,금융,2024-06-20
G40,016360,삼성증권,금융,2024-06-20
G40,138930,BNK금융지주,금융,2024-06-20
G40,005940,NH투자증권,금융,2024-06-20
G40,001450,현대해상,금융,2024-06-20
G40,039490,키움증권,금융,2024-06-20
G40,139130,DGB금융지주,금융,2024-06-20
G40,088350,한화생명,금융,2024-06-20
G40,003690,코리안리,금융,2024-06-20
G40,029780,삼성카드,금융,2024-06-20
G40,395400,SK리츠,금융,2024-06-20
G40,001720,신영증권,금융,2024-06-20
G40,003540,대신증권,금융,2024-06-20
G40,365550,ESR켄달스퀘어리츠,금융,2024-06-20
G40,023590,다우기술,금융,2024-06-20
G40,041190,우리기술투자,금융,2024-06-20
G40,330590,롯데리츠,금융,2024-06-20
G40,001200,유진투자증권,금융,2024-06-20
G40,003530,한화투자증권,금융,2024-06-20
G40,026890,스틱인베스트먼트,금융,2024-06-20
G40,293940,신한알파리츠,금융,2024-06-20
G40,348950,제이알글로벌리츠,금융,2024-06-20
G40,000370,한화손해보험,금융,2024-06-20
G40,334890,이지스밸류리츠,금융,2024-06-20
G40,475150,SK이터닉스,금융,2024-06-20
G40,003470,유안타증권,금융,2024-06-20
G40,000400,롯데손해보험,금융,2024-06-20
G40,082640,동양생명,금융,2024-06-20
G40,085620,미래에셋생명,금융,2024-06-20
G40,001510,SK증권,금융,2024-06-20
G40,417310,코람코더원리츠,금융,2024-06-20
G40,123890,한국자산신탁,금융,2024-06-20
G40,211050,인카금융서비스,금융,2024-06-20
G40,032190,다우데이타,금융,2024-06-20
G40,030210,다올투자증권,금융,2024-06-20
G40,030610,교보증권,금융,2024-06-20
G40,001500,현대차증권,금융,2024-06-20
G40,034830,한국토지신탁,금융,2024-06-20
G40,027360,아주IB투자,금융,2024-06-20
G40,432320,KB스타리츠,금융,2024-06-20
G40,204620,글로벌텍스프리,금융,2024-06-20
G40,357120,코람코라이프인프라리츠,금융,2024-06-20
G40,404990,신한서부티엔디리츠,금융,2024-06-20
G40,448730,삼성FN리츠,금융,2024-06-20
G40,038540,상상인,금융,2024-06-20
G40,377190,디앤디플랫폼리츠,금융,2024-06-20
G40,100790,미래에셋벤처투자,금융,2024-06-20
G40,016610,DB금융투자,금융,2024-06-20
G40,451800,한화리츠,금융,2024-06-20
G40,064820,케이프,금융,2024-06-20
G40,396690,미래에셋글로벌리츠,금융,2024-06-20
G40,350520,이지스레지던스리츠,금융,2024-06-20
G40,400760,NH올원리츠,금융,2024-06-20
G40,021080,에이티넘인베스트,금융,2024-06-20
G40,019550,SBI인베스트먼트,금융,2024-06-20
G40,001750,한양증권,금융,2024-06-20
G40,210980,SK디앤디,금융,2024-06-20
G40,338100,NH프라임리츠,금융,2024-06-20
G40,289080,SV인베스트먼트,금융,2024-06-20
G40,001270,부국증권,금융,2024-06-20
G40,088260,이리츠코크렙,금융,2024-06-20
G40,078020,LS증권,금융,2024-06-20
G40,244920,에이플러스에셋,금융,2024-06-20
G40,357250,미래에셋맵스리츠,금융,2024-06-20
G40,241520,DSC인베스트먼트,금융,2024-06-20
G40,442900,미래에셋드림스팩1호,금융,2024-06-20
G40,027830,대성창투,금융,2024-06-20
G40,006220,제주은행,금융,2024-06-20
G40,000540,흥국화재,금융,2024-06-20
G40,145270,케이탑리츠,금융,2024-06-20
G40,003460,유화증권,금융,2024-06-20
G40,435620,하나금융25호스팩,금융,2024-06-20
G40,448740,삼성스팩8호,금융,2024-06-20
G40,357430,마스턴프리미어리츠,금융,2024-06-20
G40,023760,한국캐피탈,금융,2024-06-20
G40,021880,메이슨캐피탈,금융,2024-06-20
G40,452980,신한제11호스팩,금융,2024-06-20
G40,439250,삼성스팩7호,금융,2024-06-20
G40,440290,HB인베스트먼트,금융,2024-06-20
G40,293580,나우IB,금융,2024-06-20
G40,307930,컴퍼니케이,금융,2024-06-20
G40,016600,큐캐피탈,금융,2024-06-20
G40,451700,엔에이치스팩29호,금융,2024-06-20
G40,452300,캡스톤파트너스,금융,2024-06-20
G40,330730,스톤브릿지벤처스,금융,2024-06-20
G40,246690,TS인베스트먼트,금융,2024-06-20
G40,007330,푸른저축은행,금융,2024-06-20
G40,464680,KB제27호스팩,금융,2024-06-20
G40,436610,한국제11호스팩,금융,2024-06-20
G40,277070,린드먼아시아,금융,2024-06-20
G40,430230,하나금융24호스팩,금융,2024-06-20
G40,309960,LB인베스트먼트,금융,2024-06-20
G40,001290,상상인증권,금융,2024-06-20
G40,413630,유진스팩8호,금융,2024-06-20
G40,468510,삼성스팩9호,금융,2024-06-20
G40,449020,유안타제13호스팩,금융,2024-06-20
G40,190650,코리아에셋투자증권,금융,2024-06-20
G40,015020,이스타코,금융,2024-06-20
G40,466910,엔에이치스팩30호,금융,2024-06-20
G40,424140,케이비제21호스팩,금융,2024-06-20
G40,439410,엔에이치스팩26호,금융,2024-06-20
G40,412930,미래에셋비전스팩1호,금융,2024-06-20
G40,019570,플루토스,금융,2024-06-20
G40,430220,신영스팩8호,금융,2024-06-20
G40,457390,대신밸런스제15호스팩,금융,2024-06-20
G40,204210,스타리츠,금융,2024-06-20
G40,421800,교보12호스팩,금융,2024-06-20
G40,457630,대신밸런스제16호스팩,금융,2024-06-20
G40,469880,하나30호스팩,금융,2024-06-20
G40,440820,엔에이치스팩27호,금융,2024-06-20
G40,454750,하나28호스팩,금융,2024-06-20
G40,477380,미래에셋비전스팩4호,금융,2024-06-20
G40,430460,한화플러스제3호스팩,금융,2024-06-20
G40,422040,엔에이치스팩23호,금융,2024-06-20
G40,473050,유안타제15호스팩,금융,2024-06-20
G40,406760,하나금융21호스팩,금융,2024-06-20
G40,442310,대신밸런스제14호스팩,금융,2024-06-20
G40,458320,KB제26호스팩,금융,2024-06-20
G40,471050,대신밸런스제17호스팩,금융,2024-06-20
G40,446750,하나26호스팩,금융,2024-06-20
G40,435380,유안타제10호스팩,금융,2024-06-20
G40,418170,하나금융22호스팩,금융,2024-06-20
G40,438220,대신밸런스제13호스팩,금융,2024-06-20
G40,425290,삼성스팩6호,금융,2024-06-20
G40,456440,DB금융스팩11호,금융,2024-06-20
G40,430700,유안타제9호스팩,금융,2024-06-20
G40,446840,키움제8호스팩,금융,2024-06-20
G40,444920,유안타제11호스팩,금융,2024-06-20
G40,474660,신한제12호스팩,금융,2024-06-20
G40,446150,유안타제12호스팩,금융,2024-06-20
G40,446190,미래에셋비전스팩2호,금융,2024-06-20
G40,448370,하나27호스팩,금융,2024-06-20
G40,476470,KB제28호스팩,금융,2024-06-20
G40,469900,하나31호스팩,금융,2024-06-20
G40,474490,유안타제16호스팩,금융,2024-06-20
G40,445970,신영스팩9호,금융,2024-06-20
G40,455310,한화플러스제4호스팩,금융,2024-06-20
G40,477760,DB금융스팩12호,금융,2024-06-20
G40,439730,IBKS제20호스팩,금융,2024-06-20
G40,448830,미래에셋비전스팩3호,금융,2024-06-20
G40,472220,신영스팩10호,금융,2024-06-20
G40,454640,하나29호스팩,금융,2024-06-20
G40,477470,미래에셋비전스팩5호,금융,2024-06-20
G40,442770,IBKS제21호스팩,금융,2024-06-20
G40,437780,엔에이치스팩24호,금융,2024-06-20
G40,415580,상상인제3호스팩,금융,2024-06-20
G40,448760,IBKS제22호스팩,금융,2024-06-20
G40,458610,한국제12호스팩,금융,2024-06-20
G40,450050,하이제8호스팩,금융,2024-06-20
G40,455250,KB제25호스팩,금융,2024-06-20
G40,452670,상상인제4호스팩,금융,2024-06-20
G40,456490,교보14호스팩,금융,2024-06-20
G40,467930,IBKS제23호스팩,금융,2024-06-20
G40,469480,IBKS제24호스팩,금융,2024-06-20
G40,464440,한국제13호스팩,금융,2024-06-20
G40,418210,신한제10호스팩,금융,2024-06-20
G40,455910,에스케이증권제9호스팩,금융,2024-06-20
G40,450940,유안타제14호스팩,금융,2024-06-20
G40,468760,유진스팩10호,금융,2024-06-20
G40,440790,교보13호스팩,금융,2024-06-20
G40,472230,에스케이증권제11호스팩,금융,2024-06-20
G40,462020,에이치엠씨제6호스팩,금융,2024-06-20
G40,477530,한국제14호스팩,금융,2024-06-20
G40,433530,키움제7호스팩,금융,2024-06-20
G40,473370,비엔케이제2호스팩,금융,2024-06-20
G40,465320,교보15호스팩,금융,2024-06-20
G40,442130,유진스팩9호,금융,2024-06-20
G40,475250,하나33호스팩,금융,2024-06-20
G40,435870,에스케이증권제8호스팩,금융,2024-06-20
G40,413600,키움제6호스팩,금융,2024-06-20
G40,445360,비엔케이제1호스팩,금융,2024-06-20
G40,457940,에스케이증권제10호스팩,금융,2024-06-20
G40,475240,하나32호스팩,금융,2024-06-20
G40,474930,신한제13호스팩,금융,2024-06-20
G40,473000,에스케이증권제12호스팩,금융,2024-06-20
G40,438580,엔에이치스팩25호,금융,2024-06-20
G10,096770,SK이노베이션,에너지,2024-06-20
G10,009830,한화솔루션,에너지,2024-06-20
G10,267250,HD현대,에너지,2024-06-20
G10,010950,S-Oil,에너지,2024-06-20
G10,078930,GS,에너지,2024-06-20
G10,112610,씨에스윈드,에너지,2024-06-20
G10,006120,SK디스커버리,에너지,2024-06-20
G10,005090,SGC에너지,에너지,2024-06-20
G10,270520,지오릿에너지,에너지,2024-06-20
G10,044490,태웅,에너지,2024-06-20
G10,083650,비에이치아이,에너지,2024-06-20
G10,322000,HD현대에너지솔루션,에너지,2024-06-20
G10,126720,수산인더스트리,에너지,2024-06-20
G10,024060,흥구석유,에너지,2024-06-20
G10,018000,유니슨,에너지,2024-06-20
G10,457550,우진엔텍,에너지,2024-06-20
G10,126880,제이엔케이글로벌,에너지,2024-06-20
G10,099220,SDN,에너지,2024-06-20
G10,012700,리드코프,에너지,2024-06-20
G10,014530,극동유화,에너지,2024-06-20
G10,294630,서남,에너지,2024-06-20
G10,137950,제이씨케미칼,에너지,2024-06-20
G10,282720,금양그린파워,에너지,2024-06-20
G10,128820,대성산업,에너지,2024-06-20
G10,046120,오르비텍,에너지,2024-06-20
G10,038870,에코바이오,에너지,2024-06-20
G10,389260,대명에너지,에너지,2024-06-20
G10,032980,바이온,에너지,2024-06-20
G10,000440,중앙에너비스,에너지,2024-06-20
G10,095910,에스에너지,에너지,2024-06-20
G10,060900,DGP,에너지,2024-06-20
G10,043200,파루,에너지,2024-06-20
G10,313760,캐리,에너지,2024-06-20
G10,065420,에스아이리소스,에너지,2024-06-20
G20,028260,삼성물산,산업재,2024-06-20
G20,011200,HMM,산업재,2024-06-20
G20,012450,한화에어로스페이스,산업재,2024-06-20
G20,034020,두산에너빌리티,산업재,2024-06-20
G20,003550,LG,산업재,2024-06-20
G20,009540,HD한국조선해양,산업재,2024-06-20
G20,267260,HD현대일렉트릭,산업재,2024-06-20
G20,034730,SK,산업재,2024-06-20
G20,010140,삼성중공업,산업재,2024-06-20
G20,003490,대한항공,산업재,2024-06-20
G20,088980,맥쿼리인프라,산업재,2024-06-20
G20,047050,포스코인터내셔널,산업재,2024-06-20
G20,086280,현대글로비스,산업재,2024-06-20
G20,047810,한국항공우주,산업재,2024-06-20
G20,028050,삼성E&A,산업재,2024-06-20
G20,042660,한화오션,산업재,2024-06-20
G20,180640,한진칼,산업재,2024-06-20
G20,010120,LS ELECTRIC,산업재,2024-06-20
G20,064350,현대로템,산업재,2024-06-20
G20,241560,두산밥캣,산업재,2024-06-20
G20,006260,LS,산업재,2024-06-20
G20,000720,현대건설,산업재,2024-06-20
G20,079550,LIG넥스원,산업재,2024-06-20
G20,329180,HD현대중공업,산업재,2024-06-20
G20,010620,HD현대미포,산업재,2024-06-20
G20,001040,CJ,산업재,2024-06-20
G20,298040,효성중공업,산업재,2024-06-20
G20,454910,두산로보틱스,산업재,2024-06-20
G20,012750,에스원,산업재,2024-06-20
G20,017800,현대엘리베이,산업재,2024-06-20
G20,002380,KCC,산업재,2024-06-20
G20,272210,한화시스템,산업재,2024-06-20
G20,277810,레인보우로보틱스,산업재,2024-06-20
G20,000150,두산,산업재,2024-06-20
G20,000120,CJ대한통운,산업재,2024-06-20
G20,375500,DL이앤씨,산업재,2024-06-20
G20,042670,HD현대인프라코어,산업재,2024-06-20
G20,443060,HD현대마린솔루션,산업재,2024-06-20
G20,028670,팬오션,산업재,2024-06-20
G20,000880,한화,산업재,2024-06-20
G20,006360,GS건설,산업재,2024-06-20
G20,001120,LX인터내셔널,산업재,2024-06-20
G20,047040,대우건설,산업재,2024-06-20
G20,033100,제룡전기,산업재,2024-06-20
G20,082740,한화엔진,산업재,2024-06-20
G20,001440,대한전선,산업재,2024-06-20
G20,294870,HDC현대산업개발,산업재,2024-06-20
G20,003410,쌍용C&E,산업재,2024-06-20
G20,383310,에코프로에이치엔,산업재,2024-06-20
G20,004990,롯데지주,산업재,2024-06-20
G20,267270,HD현대건설기계,산업재,2024-06-20
G20,001740,SK네트웍스,산업재,2024-06-20
G20,009240,한샘,산업재,2024-06-20
G20,020560,아시아나항공,산업재,2024-06-20
G20,100090,SK오션플랜트,산업재,2024-06-20
G20,004800,효성,산업재,2024-06-20
G20,103590,일진전기,산업재,2024-06-20
G20,056190,에스에프에이,산업재,2024-06-20
G20,003280,흥아해운,산업재,2024-06-20
G20,099320,쎄트렉아이,산업재,2024-06-20
G20,089860,롯데렌탈,산업재,2024-06-20
G20,403550,쏘카,산업재,2024-06-20
G20,005440,현대지에프홀딩스,산업재,2024-06-20
G20,068240,다원시스,산업재,2024-06-20
G20,344820,KCC글라스,산업재,2024-06-20
G20,030190,NICE평가정보,산업재,2024-06-20
G20,010780,아이에스동서,산업재,2024-06-20
G20,017960,한국카본,산업재,2024-06-20
G20,032820,우리기술,산업재,2024-06-20
G20,319400,현대무벡스,산업재,2024-06-20
G20,418550,제이오,산업재,2024-06-20
G20,005880,대한해운,산업재,2024-06-20
G20,229640,LS에코에너지,산업재,2024-06-20
G20,060370,LS마린솔루션,산업재,2024-06-20
G20,089590,제주항공,산업재,2024-06-20
G20,001470,삼부토건,산업재,2024-06-20
G20,383800,LX홀딩스,산업재,2024-06-20
G20,012630,HDC,산업재,2024-06-20
G20,300720,한일시멘트,산업재,2024-06-20
G20,108670,LX하우시스,산업재,2024-06-20
G20,272450,진에어,산업재,2024-06-20
G20,091810,티웨이항공,산업재,2024-06-20
G20,348340,뉴로메카,산업재,2024-06-20
G20,002320,한진,산업재,2024-06-20
G20,013030,하이록코리아,산업재,2024-06-20
G20,117730,티로보틱스,산업재,2024-06-20
G20,074610,이엔플러스,산업재,2024-06-20
G20,011760,현대코퍼레이션,산업재,2024-06-20
G20,045100,한양이엔지,산업재,2024-06-20
G20,023160,태광,산업재,2024-06-20
G20,060150,인선이엔티,산업재,2024-06-20
G20,014620,성광벤드,산업재,2024-06-20
G20,090360,로보스타,산업재,2024-06-20
G20,006340,대원전선,산업재,2024-06-20
G20,298690,에어부산,산업재,2024-06-20
G20,282880,코윈테크,산업재,2024-06-20
G20,000490,대동,산업재,2024-06-20
G20,101670,하이드로리튬,산업재,2024-06-20
G20,126340,비나텍,산업재,2024-06-20
G20,108490,로보티즈,산업재,2024-06-20
G20,075580,세진중공업,산업재,2024-06-20
G20,071970,STX중공업,산업재,2024-06-20
G20,016800,퍼시스,산업재,2024-06-20
G20,023410,유진기업,산업재,2024-06-20
G20,000500,가온전선,산업재,2024-06-20
G20,183190,아세아시멘트,산업재,2024-06-20
G20,013890,지누스,산업재,2024-06-20
G20,006910,보성파워텍,산업재,2024-06-20
G20,122900,아이마켓코리아,산업재,2024-06-20
G20,214430,아이쓰리시스템,산업재,2024-06-20
G20,067390,아스트,산업재,2024-06-20
G20,004980,성신양회,산업재,2024-06-20
G20,035890,서희건설,산업재,2024-06-20
G20,451760,컨텍,산업재,2024-06-20
G20,090710,휴림로봇,산업재,2024-06-20
G20,004360,세방,산업재,2024-06-20
G20,003300,한일홀딩스,산업재,2024-06-20
G20,029960,코엔텍,산업재,2024-06-20
G20,056080,유진로봇,산업재,2024-06-20
G20,025900,동화기업,산업재,2024-06-20
G20,002900,TYM,산업재,2024-06-20
G20,195990,에이비프로바이오,산업재,2024-06-20
G20,109610,에스와이,산업재,2024-06-20
G20,002150,도화엔지니어링,산업재,2024-06-20
G20,377450,리파인,산업재,2024-06-20
G20,388720,유일로보틱스,산업재,2024-06-20
G20,004140,동방,산업재,2024-06-20
G20,060310,3S,산업재,2024-06-20
G20,038500,삼표시멘트,산업재,2024-06-20
G20,011700,한신기계,산업재,2024-06-20
G20,000390,삼화페인트,산업재,2024-06-20
G20,019210,와이지-원,산업재,2024-06-20
G20,094820,일진파워,산업재,2024-06-20
G20,001520,동양,산업재,2024-06-20
G20,095190,이엠코리아,산업재,2024-06-20
G20,105840,우진,산업재,2024-06-20
G20,460930,현대힘스,산업재,2024-06-20
G20,036800,나이스정보통신,산업재,2024-06-20
G20,053690,한미글로벌,산업재,2024-06-20
G20,099440,스맥,산업재,2024-06-20
G20,079430,현대리바트,산업재,2024-06-20
G20,388050,지투파워,산업재,2024-06-20
G20,036890,진성티이씨,산업재,2024-06-20
G20,009070,KCTC,산업재,2024-06-20
G20,028100,동아지질,산업재,2024-06-20
G20,044450,KSS해운,산업재,2024-06-20
G20,066980,한성크린텍,산업재,2024-06-20
G20,090850,현대이지웰,산업재,2024-06-20
G20,140670,알에스오토메이션,산업재,2024-06-20
G20,043910,자연과환경,산업재,2024-06-20
G20,297090,씨에스베어링,산업재,2024-06-20
G20,058850,KTcs,산업재,2024-06-20
G20,001250,GS글로벌,산업재,2024-06-20
G20,143240,사람인,산업재,2024-06-20
G20,203650,드림시큐리티,산업재,2024-06-20
G20,013120,동원개발,산업재,2024-06-20
G20,002020,코오롱,산업재,2024-06-20
G20,053080,케이엔솔,산업재,2024-06-20
G20,065450,빅텍,산업재,2024-06-20
G20,018310,삼목에스폼,산업재,2024-06-20
G20,090350,노루페인트,산업재,2024-06-20
G20,382900,범한퓨얼셀,산업재,2024-06-20
G20,036190,금화피에스시,산업재,2024-06-20
G20,034950,한국기업평가,산업재,2024-06-20
G20,210540,디와이파워,산업재,2024-06-20
G20,206400,베노티앤알,산업재,2024-06-20
G20,026150,특수건설,산업재,2024-06-20
G20,036560,영풍정밀,산업재,2024-06-20
G20,101930,인화정공,산업재,2024-06-20
G20,010820,퍼스텍,산업재,2024-06-20
G20,042370,비츠로테크,산업재,2024-06-20
G20,009160,SIMPAC,산업재,2024-06-20
G20,014940,오리엔탈정공,산업재,2024-06-20
G20,147830,제룡산업,산업재,2024-06-20
G20,005430,한국공항,산업재,2024-06-20
G20,015230,대창단조,산업재,2024-06-20
G20,274090,켄코아에어로스페이스,산업재,2024-06-20
G20,007210,벽산,산업재,2024-06-20
G20,013570,디와이,산업재,2024-06-20
G20,104460,디와이피엔에프,산업재,2024-06-20
G20,119850,지엔씨에너지,산업재,2024-06-20
G20,000860,강남제비스코,산업재,2024-06-20
G20,067900,와이엔텍,산업재,2024-06-20
G20,039570,HDC랩스,산업재,2024-06-20
G20,004380,삼익THK,산업재,2024-06-20
G20,015860,일진홀딩스,산업재,2024-06-20
G20,011370,서한,산업재,2024-06-20
G20,100840,SNT에너지,산업재,2024-06-20
G20,007820,에스엠코어,산업재,2024-06-20
G20,049720,고려신용정보,산업재,2024-06-20
G20,255220,SG,산업재,2024-06-20
G20,000700,유수홀딩스,산업재,2024-06-20
G20,186230,그린플러스,산업재,2024-06-20
G20,013580,계룡건설,산업재,2024-06-20
G20,014280,금강공업,산업재,2024-06-20
G20,002990,금호건설,산업재,2024-06-20
G20,005870,휴니드,산업재,2024-06-20
G20,003070,코오롱글로벌,산업재,2024-06-20
G20,124560,태웅로직스,산업재,2024-06-20
G20,060560,홈센타홀딩스,산업재,2024-06-20
G20,105740,디케이락,산업재,2024-06-20
G20,015590,KIB플러그에너지,산업재,2024-06-20
G20,361390,제노코,산업재,2024-06-20
G20,058860,KTis,산업재,2024-06-20
G20,002780,진흥기업,산업재,2024-06-20
G20,199430,케이엔알시스템,산업재,2024-06-20
G20,448280,에코아이,산업재,2024-06-20
G20,077970,STX엔진,산업재,2024-06-20
G20,389500,에스비비테크,산업재,2024-06-20
G20,024840,KBI메탈,산업재,2024-06-20
G20,011560,세보엠이씨,산업재,2024-06-20
G20,105760,포스뱅크,산업재,2024-06-20
G20,009180,한솔로지스틱스,산업재,2024-06-20
G20,017040,광명전기,산업재,2024-06-20
G20,024880,케이피에프,산업재,2024-06-20
G20,019990,에너토크,산업재,2024-06-20
G20,043220,티에스넥스젠,산업재,2024-06-20
G20,034300,신세계건설,산업재,2024-06-20
G20,071670,에이테크솔루션,산업재,2024-06-20
G20,159010,아스플로,산업재,2024-06-20
G20,130580,나이스디앤비,산업재,2024-06-20
G20,096350,대창솔루션,산업재,2024-06-20
G20,225530,보광산업,산업재,2024-06-20
G20,448710,코츠테크놀로지,산업재,2024-06-20
G20,037440,희림,산업재,2024-06-20
G20,010960,삼호개발,산업재,2024-06-20
G20,049180,셀루메드,산업재,2024-06-20
G20,065950,웰크론,산업재,2024-06-20
G20,041440,현대에버다임,산업재,2024-06-20
G20,017550,수산중공업,산업재,2024-06-20
G20,085310,엔케이,산업재,2024-06-20
G20,039610,화성밸브,산업재,2024-06-20
G20,199820,제일일렉트릭,산업재,2024-06-20
G20,073010,케이에스피,산업재,2024-06-20
G20,095570,AJ네트웍스,산업재,2024-06-20
G20,002460,화성산업,산업재,2024-06-20
G20,008260,NI스틸,산업재,2024-06-20
G20,051490,나라엠앤디,산업재,2024-06-20
G20,452280,한선엔지니어링,산업재,2024-06-20
G20,000320,노루홀딩스,산업재,2024-06-20
G20,025950,동신건설,산업재,2024-06-20
G20,011810,STX,산업재,2024-06-20
G20,000910,유니온,산업재,2024-06-20
G20,092130,이크레더블,산업재,2024-06-20
G20,084180,수성웹툰,산업재,2024-06-20
G20,317850,대모,산업재,2024-06-20
G20,004960,한신공영,산업재,2024-06-20
G20,066620,국보디자인,산업재,2024-06-20
G20,086670,비엠티,산업재,2024-06-20
G20,101170,우림피티에스,산업재,2024-06-20
G20,108380,대양전기공업,산업재,2024-06-20
G20,017510,세명전기,산업재,2024-06-20
G20,092460,한라IMS,산업재,2024-06-20
G20,317400,자이에스앤디,산업재,2024-06-20
G20,119650,KC코트렐,산업재,2024-06-20
G20,025750,한솔홈데코,산업재,2024-06-20
G20,006390,한일현대시멘트,산업재,2024-06-20
G20,049430,코메론,산업재,2024-06-20
G20,003010,혜인,산업재,2024-06-20
G20,038010,제일테크노스,산업재,2024-06-20
G20,007110,일신석재,산업재,2024-06-20
G20,097230,HJ중공업,산업재,2024-06-20
G20,014790,HL D&I,산업재,2024-06-20
G20,090410,덕신이피씨,산업재,2024-06-20
G20,003100,선광,산업재,2024-06-20
G20,094280,효성ITX,산업재,2024-06-20
G20,054930,유신,산업재,2024-06-20
G20,065710,서호전기,산업재,2024-06-20
G20,126730,코칩,산업재,2024-06-20
G20,005960,동부건설,산업재,2024-06-20
G20,037350,성도이엔지,산업재,2024-06-20
G20,010660,화천기계,산업재,2024-06-20
G20,033540,파라텍,산업재,2024-06-20
G20,054540,삼영엠텍,산업재,2024-06-20
G20,309930,오하임앤컴퍼니,산업재,2024-06-20
G20,013700,까뮤이앤씨,산업재,2024-06-20
G20,004910,조광페인트,산업재,2024-06-20
G20,033290,코웰패션,산업재,2024-06-20
G20,042940,상지건설,산업재,2024-06-20
G20,003800,에이스침대,산업재,2024-06-20
G20,007610,선도전기,산업재,2024-06-20
G20,058730,다스코,산업재,2024-06-20
G20,013810,스페코,산업재,2024-06-20
G20,036120,SCI평가정보,산업재,2024-06-20
G20,008250,이건산업,산업재,2024-06-20
G20,101000,상상인인더스트리,산업재,2024-06-20
G20,000850,화천기공,산업재,2024-06-20
G20,005750,대림B&Co,산업재,2024-06-20
G20,024800,유성티엔에스,산업재,2024-06-20
G20,465770,STX그린로지스,산업재,2024-06-20
G20,050860,아세아텍,산업재,2024-06-20
G20,021320,KCC건설,산업재,2024-06-20
G20,046940,우원개발,산업재,2024-06-20
G20,045340,토탈소프트,산업재,2024-06-20
G20,006050,국영지앤엠,산업재,2024-06-20
G20,008830,대동기어,산업재,2024-06-20
G20,407400,꿈비,산업재,2024-06-20
G20,440320,오픈놀,산업재,2024-06-20
G20,129920,대성하이텍,산업재,2024-06-20
G20,054300,팬스타엔터프라이즈,산업재,2024-06-20
G20,189860,서전기전,산업재,2024-06-20
G20,417970,모델솔루션,산업재,2024-06-20
G20,049800,우진플라임,산업재,2024-06-20
G20,171120,라이온켐텍,산업재,2024-06-20
G20,198440,고려시멘트,산업재,2024-06-20
G20,014130,한익스프레스,산업재,2024-06-20
G20,040610,SG&G,산업재,2024-06-20
G20,010240,흥국,산업재,2024-06-20
G20,038390,레드캡투어,산업재,2024-06-20
G20,052300,씨티프라퍼티,산업재,2024-06-20
G20,056730,CNT85,산업재,2024-06-20
G20,446070,유니드비티플러스,산업재,2024-06-20
G20,109860,동일금속,산업재,2024-06-20
G20,001840,이화공영,산업재,2024-06-20
G20,022220,TKG애강,산업재,2024-06-20
G20,011390,부산산업,산업재,2024-06-20
G20,023960,에쓰씨엔지니어링,산업재,2024-06-20
G20,013360,일성건설,산업재,2024-06-20
G20,138070,신진에스엠,산업재,2024-06-20
G20,415380,스튜디오삼익,산업재,2024-06-20
G20,119500,포메탈,산업재,2024-06-20
G20,002290,삼일기업공사,산업재,2024-06-20
G20,017000,신원종합개발,산업재,2024-06-20
G20,006920,모헨즈,산업재,2024-06-20
G20,023350,한국종합기술,산업재,2024-06-20
G20,099410,동방선기,산업재,2024-06-20
G20,092440,기신정기,산업재,2024-06-20
G20,001260,남광토건,산업재,2024-06-20
G20,129260,인터지스,산업재,2024-06-20
G20,008470,부스타,산업재,2024-06-20
G20,076080,웰크론한텍,산업재,2024-06-20
G20,059270,해성에어로보틱스,산업재,2024-06-20
G20,016250,SGC E&C,산업재,2024-06-20
G20,091590,남화토건,산업재,2024-06-20
G20,100660,서암기계공업,산업재,2024-06-20
G20,054180,메디콕스,산업재,2024-06-20
G20,048770,TPC,산업재,2024-06-20
G20,065570,삼영이엔씨,산업재,2024-06-20
G20,039020,이건홀딩스,산업재,2024-06-20
G20,317830,에스피시스템스,산업재,2024-06-20
G20,138360,협진,산업재,2024-06-20
G20,009440,KC그린홀딩스,산업재,2024-06-20
G20,053160,프리엠스,산업재,2024-06-20
G20,089140,넥스턴바이오,산업재,2024-06-20
G20,002410,범양건영,산업재,2024-06-20
G20,004440,삼일씨엔에스,산업재,2024-06-20
G20,043340,에쎈테크,산업재,2024-06-20
G20,237750,피앤씨테크,산업재,2024-06-20
G20,004870,티웨이홀딩스,산업재,2024-06-20
G20,044780,에이치케이,산업재,2024-06-20
G20,033050,제이엠아이,산업재,2024-06-20
G20,221840,하이즈항공,산업재,2024-06-20
G20,011090,에넥스,산업재,2024-06-20
G20,035200,프럼파스트,산업재,2024-06-20
G20,365330,에스와이스틸텍,산업재,2024-06-20
G20,228340,동양파일,산업재,2024-06-20
G20,090370,메타랩스,산업재,2024-06-20
G20,192390,윈하이텍,산업재,2024-06-20
G20,079000,와토스코리아,산업재,2024-06-20
G20,032280,삼일,산업재,2024-06-20
G20,121890,에스디시스템,산업재,2024-06-20
G20,333430,일승,산업재,2024-06-20
G20,227100,퀀텀온,산업재,2024-06-20
G20,103230,에스앤더블류,산업재,2024-06-20
G20,030960,양지사,산업재,2024-06-20
G20,073190,듀오백,산업재,2024-06-20
G20,069140,누리플랜,산업재,2024-06-20
G20,134790,시디즈,산업재,2024-06-20
G20,060260,뉴보텍,산업재,2024-06-20
G20,044180,KD,산업재,2024-06-20
G20,084670,동양고속,산업재,2024-06-20
G20,071950,코아스,산업재,2024-06-20
G20,010400,우진아이엔에스,산업재,2024-06-20
G20,101680,한국정밀기계,산업재,2024-06-20
G20,007680,대원,산업재,2024-06-20
G20,000650,천일고속,산업재,2024-06-20
G20,006570,대림통상,산업재,2024-06-20
G20,079650,서산,산업재,2024-06-20
G55,015760,한국전력,유틸리티,2024-06-20
G55,036460,한국가스공사,유틸리티,2024-06-20
G55,052690,한전기술,유틸리티,2024-06-20
G55,051600,한전KPS,유틸리티,2024-06-20
G55,018670,SK가스,유틸리티,2024-06-20
G55,017940,E1,유틸리티,2024-06-20
G55,130660,한전산업,유틸리티,2024-06-20
G55,004690,삼천리,유틸리티,2024-06-20
G55,453450,그리드위즈,유틸리티,2024-06-20
G55,071320,지역난방공사,유틸리티,2024-06-20
G55,015360,예스코홀딩스,유틸리티,2024-06-20
G55,117580,대성에너지,유틸리티,2024-06-20
G55,053050,지에스이,유틸리티,2024-06-20
G55,267290,경동도시가스,유틸리티,2024-06-20
G55,003480,한진중공업홀딩스,유틸리티,2024-06-20
G55,016710,대성홀딩스,유틸리티,2024-06-20
G55,017390,서울가스,유틸리티,2024-06-20
G55,034590,인천도시가스,유틸리티,2024-06-20
G30,033780,KT&G,필수소비재,2024-06-20
G30,097950,CJ제일제당,필수소비재,2024-06-20
G30,003230,삼양식품,필수소비재,2024-06-20
G30,271560,오리온,필수소비재,2024-06-20
G30,004370,농심,필수소비재,2024-06-20
G30,140410,메지온,필수소비재,2024-06-20
G30,000080,하이트진로,필수소비재,2024-06-20
G30,007310,오뚜기,필수소비재,2024-06-20
G30,026960,동서,필수소비재,2024-06-20
G30,001680,대상,필수소비재,2024-06-20
G30,005300,롯데칠성,필수소비재,2024-06-20
G30,005180,빙그레,필수소비재,2024-06-20
G30,006040,동원산업,필수소비재,2024-06-20
G30,280360,롯데웰푸드,필수소비재,2024-06-20
G30,001800,오리온홀딩스,필수소비재,2024-06-20
G30,049770,동원F&B,필수소비재,2024-06-20
G30,017810,풀무원,필수소비재,2024-06-20
G30,453340,현대그린푸드,필수소비재,2024-06-20
G30,003380,하림지주,필수소비재,2024-06-20
G30,003960,사조대림,필수소비재,2024-06-20
G30,003580,HLB글로벌,필수소비재,2024-06-20
G30,145990,삼양사,필수소비재,2024-06-20
G30,084690,대상홀딩스,필수소비재,2024-06-20
G30,136480,하림,필수소비재,2024-06-20
G30,003920,남양유업,필수소비재,2024-06-20
G30,267980,매일유업,필수소비재,2024-06-20
G30,035810,이지홀딩스,필수소비재,2024-06-20
G30,051160,지어소프트,필수소비재,2024-06-20
G30,051500,CJ프레시웨이,필수소비재,2024-06-20
G30,001130,대한제분,필수소비재,2024-06-20
G30,001790,대한제당,필수소비재,2024-06-20
G30,072710,농심홀딩스,필수소비재,2024-06-20
G30,005860,한일사료,필수소비재,2024-06-20
G30,005610,SPC삼립,필수소비재,2024-06-20
G30,011150,CJ씨푸드,필수소비재,2024-06-20
G30,007160,사조산업,필수소비재,2024-06-20
G30,136490,선진,필수소비재,2024-06-20
G30,103840,우양,필수소비재,2024-06-20
G30,260970,에스앤디,필수소비재,2024-06-20
G30,353810,이지바이오,필수소비재,2024-06-20
G30,248170,샘표식품,필수소비재,2024-06-20
G30,033920,무학,필수소비재,2024-06-20
G30,008040,사조동아원,필수소비재,2024-06-20
G30,403490,우듬지팜,필수소비재,2024-06-20
G30,203690,스피어파워,필수소비재,2024-06-20
G30,012690,모나리자,필수소비재,2024-06-20
G30,101530,해태제과식품,필수소비재,2024-06-20
G30,276730,제주맥주,필수소비재,2024-06-20
G30,004970,신라교역,필수소비재,2024-06-20
G30,004410,서울식품,필수소비재,2024-06-20
G30,043650,국순당,필수소비재,2024-06-20
G30,027740,마니커,필수소비재,2024-06-20
G30,208140,정다운,필수소비재,2024-06-20
G30,000140,하이트진로홀딩스,필수소비재,2024-06-20
G30,227840,현대코퍼레이션홀딩스,필수소비재,2024-06-20
G30,027710,팜스토리,필수소비재,2024-06-20
G30,004650,창해에탄올,필수소비재,2024-06-20
G30,073560,우리손에프앤지,필수소비재,2024-06-20
G30,339770,교촌에프앤비,필수소비재,2024-06-20
G30,195500,마니커에프앤지,필수소비재,2024-06-20
G30,000890,보해양조,필수소비재,2024-06-20
G30,007540,샘표,필수소비재,2024-06-20
G30,002760,보락,필수소비재,2024-06-20
G30,014710,사조씨푸드,필수소비재,2024-06-20
G30,005740,크라운해태홀딩스,필수소비재,2024-06-20
G30,277410,인산가,필수소비재,2024-06-20
G30,264900,크라운제과,필수소비재,2024-06-20
G30,189980,흥국에프엔비,필수소비재,2024-06-20
G30,006880,신송홀딩스,필수소비재,2024-06-20
G30,357230,에이치피오,필수소비재,2024-06-20
G30,036580,팜스코,필수소비재,2024-06-20
G30,002140,고려산업,필수소비재,2024-06-20
G30,218150,미래생명자원,필수소비재,2024-06-20
G30,318410,비비씨,필수소비재,2024-06-20
G30,006090,사조오양,필수소비재,2024-06-20
G30,003310,대주산업,필수소비재,2024-06-20
G30,009780,엠에스씨,필수소비재,2024-06-20
G30,018120,진로발효,필수소비재,2024-06-20
G30,002600,조흥,필수소비재,2024-06-20
G30,223310,딥마인드,필수소비재,2024-06-20
G30,317240,TS트릴리온,필수소비재,2024-06-20
G30,005990,매일홀딩스,필수소비재,2024-06-20
G30,311390,네오크레마,필수소비재,2024-06-20
G30,222980,한국맥널티,필수소비재,2024-06-20
G30,088910,동우팜투테이블,필수소비재,2024-06-20
G30,110020,전진바이오팜,필수소비재,2024-06-20
G30,005670,푸드웰,필수소비재,2024-06-20
G30,006980,우성,필수소비재,2024-06-20
G30,025880,케이씨피드,필수소비재,2024-06-20
G30,003680,한성기업,필수소비재,2024-06-20
G30,405920,나라셀라,필수소비재,2024-06-20
G30,030720,동원수산,필수소비재,2024-06-20
G30,051780,큐로홀딩스,필수소비재,2024-06-20
G30,368970,오에스피,필수소비재,2024-06-20
G30,004590,한국가구,필수소비재,2024-06-20
G30,023150,MH에탄올,필수소비재,2024-06-20
G30,053620,태양,필수소비재,2024-06-20
G30,009770,삼정펄프,필수소비재,2024-06-20
G30,250000,보라티알,필수소비재,2024-06-20
G30,002680,한탑,필수소비재,2024-06-20
G30,025870,신라에스지,필수소비재,2024-06-20
G30,225430,케이엠제약,필수소비재,2024-06-20
G30,066360,체리부로,필수소비재,2024-06-20
G30,290720,푸드나무,필수소비재,2024-06-20
G15,005490,POSCO홀딩스,소재,2024-06-20
G15,051910,LG화학,소재,2024-06-20
G15,086520,에코프로,소재,2024-06-20
G15,003670,포스코퓨처엠,소재,2024-06-20
G15,010130,고려아연,소재,2024-06-20
G15,011790,SKC,소재,2024-06-20
G15,005070,코스모신소재,소재,2024-06-20
G15,011780,금호석유,소재,2024-06-20
G15,004020,현대제철,소재,2024-06-20
G15,011170,롯데케미칼,소재,2024-06-20
G15,001570,금양,소재,2024-06-20
G15,014680,한솔케미칼,소재,2024-06-20
G15,010060,OCI홀딩스,소재,2024-06-20
G15,103140,풍산,소재,2024-06-20
G15,457190,이수스페셜티케미컬,소재,2024-06-20
G15,121600,나노신소재,소재,2024-06-20
G15,000210,DL,소재,2024-06-20
G15,298050,효성첨단소재,소재,2024-06-20
G15,004000,롯데정밀화학,소재,2024-06-20
G15,005420,코스모화학,소재,2024-06-20
G15,456040,OCI,소재,2024-06-20
G15,002710,TCC스틸,소재,2024-06-20
G15,281740,레이크머티리얼즈,소재,2024-06-20
G15,120110,코오롱인더,소재,2024-06-20
G15,101360,에코앤드림,소재,2024-06-20
G15,285130,SK케미칼,소재,2024-06-20
G15,006110,삼아알미늄,소재,2024-06-20
G15,006650,대한유화,소재,2024-06-20
G15,009520,포스코엠텍,소재,2024-06-20
G15,069260,TKG휴켐스,소재,2024-06-20
G15,093370,후성,소재,2024-06-20
G15,014830,유니드,소재,2024-06-20
G15,460860,동국제강,소재,2024-06-20
G15,001340,백광산업,소재,2024-06-20
G15,178920,PI첨단소재,소재,2024-06-20
G15,161000,애경케미칼,소재,2024-06-20
G15,008730,율촌화학,소재,2024-06-20
G15,003030,세아제강지주,소재,2024-06-20
G15,005690,파미셀,소재,2024-06-20
G15,089010,켐트로닉스,소재,2024-06-20
G15,000070,삼양홀딩스,소재,2024-06-20
G15,002840,미원상사,소재,2024-06-20
G15,007690,국도화학,소재,2024-06-20
G15,014820,동원시스템즈,소재,2024-06-20
G15,001430,세아베스틸지주,소재,2024-06-20
G15,104830,원익머트리얼즈,소재,2024-06-20
G15,002030,아세아,소재,2024-06-20
G15,104700,한국철강,소재,2024-06-20
G15,033500,동성화인텍,소재,2024-06-20
G15,017860,DS단석,소재,2024-06-20
G15,004430,송원산업,소재,2024-06-20
G15,001230,동국홀딩스,소재,2024-06-20
G15,251970,펌텍코리아,소재,2024-06-20
G15,002310,아세아제지,소재,2024-06-20
G15,005160,동국산업,소재,2024-06-20
G15,008350,남선알미늄,소재,2024-06-20
G15,016380,KG스틸,소재,2024-06-20
G15,002240,고려제강,소재,2024-06-20
G15,213500,한솔제지,소재,2024-06-20
G15,357550,석경에이티,소재,2024-06-20
G15,002960,한국쉘석유,소재,2024-06-20
G15,005810,풍산홀딩스,소재,2024-06-20
G15,005950,이수화학,소재,2024-06-20
G15,460850,동국씨엠,소재,2024-06-20
G15,003240,태광산업,소재,2024-06-20
G15,004560,현대비앤지스틸,소재,2024-06-20
G15,025860,남해화학,소재,2024-06-20
G15,306200,세아제강,소재,2024-06-20
G15,002810,삼영무역,소재,2024-06-20
G15,084010,대한제강,소재,2024-06-20
G15,268280,미원에스씨,소재,2024-06-20
G15,001780,알루코,소재,2024-06-20
G15,005010,휴스틸,소재,2024-06-20
G15,115390,락앤락,소재,2024-06-20
G15,298000,효성화학,소재,2024-06-20
G15,008970,동양철관,소재,2024-06-20
G15,011500,한농화성,소재,2024-06-20
G15,058430,포스코스틸리온,소재,2024-06-20
G15,220260,켐트로스,소재,2024-06-20
G15,034810,해성산업,소재,2024-06-20
G15,017890,한국알콜,소재,2024-06-20
G15,102260,동성케미컬,소재,2024-06-20
G15,001940,KISCO홀딩스,소재,2024-06-20
G15,004090,한국석유,소재,2024-06-20
G15,016590,신대양제지,소재,2024-06-20
G15,092790,넥스틸,소재,2024-06-20
G15,003720,삼영,소재,2024-06-20
G15,027970,한국제지,소재,2024-06-20
G15,081000,일진다이아,소재,2024-06-20
G15,027410,BGF,소재,2024-06-20
G15,125210,아모그린텍,소재,2024-06-20
G15,012610,경인양행,소재,2024-06-20
G15,025820,이구산업,소재,2024-06-20
G15,256940,케이피에스,소재,2024-06-20
G15,138490,코오롱ENP,소재,2024-06-20
G15,018470,조일알미늄,소재,2024-06-20
G15,251370,와이엠티,소재,2024-06-20
G15,014580,태경비케이,소재,2024-06-20
G15,000180,성창기업지주,소재,2024-06-20
G15,139990,아주스틸,소재,2024-06-20
G15,025000,KPX케미칼,소재,2024-06-20
G15,027580,상보,소재,2024-06-20
G15,004150,한솔홀딩스,소재,2024-06-20
G15,100130,동국S&C,소재,2024-06-20
G15,023440,제이스코홀딩스,소재,2024-06-20
G15,012320,경동인베스트,소재,2024-06-20
G15,104480,티케이케미칼,소재,2024-06-20
G15,055490,테이팩스,소재,2024-06-20
G15,000970,한국주철관,소재,2024-06-20
G15,004250,NPC,소재,2024-06-20
G15,004540,깨끗한나라,소재,2024-06-20
G15,272550,삼양패키징,소재,2024-06-20
G15,012800,대창,소재,2024-06-20
G15,006890,태경케미컬,소재,2024-06-20
G15,083420,그린케미칼,소재,2024-06-20
G15,124500,아이티센,소재,2024-06-20
G15,009580,무림P&P,소재,2024-06-20
G15,100250,진양홀딩스,소재,2024-06-20
G15,003650,미창석유,소재,2024-06-20
G15,006840,AK홀딩스,소재,2024-06-20
G15,107590,미원홀딩스,소재,2024-06-20
G15,015890,태경산업,소재,2024-06-20
G15,014160,대영포장,소재,2024-06-20
G15,000480,CR홀딩스,소재,2024-06-20
G15,002200,한국수출포장,소재,2024-06-20
G15,120240,대정화금,소재,2024-06-20
G15,023600,삼보판지,소재,2024-06-20
G15,037370,EG,소재,2024-06-20
G15,134380,미원화학,소재,2024-06-20
G15,023900,풍국주정,소재,2024-06-20
G15,081150,티플랙스,소재,2024-06-20
G15,010040,한국내화,소재,2024-06-20
G15,011280,태림포장,소재,2024-06-20
G15,025550,한국선재,소재,2024-06-20
G15,032560,황금에스티,소재,2024-06-20
G15,069460,대호에이엘,소재,2024-06-20
G15,042040,케이피엠테크,소재,2024-06-20
G15,009190,대양금속,소재,2024-06-20
G15,036640,HRS,소재,2024-06-20
G15,001020,페이퍼코리아,소재,2024-06-20
G15,092230,KPX홀딩스,소재,2024-06-20
G15,002360,SH에너지화학,소재,2024-06-20
G15,003780,진양산업,소재,2024-06-20
G15,004890,동일산업,소재,2024-06-20
G15,024090,디씨엠,소재,2024-06-20
G15,039240,경남스틸,소재,2024-06-20
G15,014190,원익큐브,소재,2024-06-20
G15,002100,경농,소재,2024-06-20
G15,007590,동방아그로,소재,2024-06-20
G15,009200,무림페이퍼,소재,2024-06-20
G15,058650,세아홀딩스,소재,2024-06-20
G15,036670,KCI,소재,2024-06-20
G15,136410,아셈스,소재,2024-06-20
G15,462520,조선내화,소재,2024-06-20
G15,071090,하이스틸,소재,2024-06-20
G15,023450,동남합성,소재,2024-06-20
G15,007280,한국특강,소재,2024-06-20
G15,120030,조선선재,소재,2024-06-20
G15,016100,리더스코스메틱,소재,2024-06-20
G15,021050,서원,소재,2024-06-20
G15,003830,대한화섬,소재,2024-06-20
G15,008420,문배철강,소재,2024-06-20
G15,045060,오공,소재,2024-06-20
G15,053260,금강철강,소재,2024-06-20
G15,177830,파버나인,소재,2024-06-20
G15,014440,영보화학,소재,2024-06-20
G15,318000,KBG,소재,2024-06-20
G15,017480,삼현철강,소재,2024-06-20
G15,048470,대동스틸,소재,2024-06-20
G15,009730,이렘,소재,2024-06-20
G15,019440,세아특수강,소재,2024-06-20
G15,128660,피제이메탈,소재,2024-06-20
G15,010640,진양폴리,소재,2024-06-20
G15,004780,대륙제관,소재,2024-06-20
G15,069730,DSR제강,소재,2024-06-20
G15,026940,부국철강,소재,2024-06-20
G15,101240,씨큐브,소재,2024-06-20
G15,075970,동국알앤에스,소재,2024-06-20
G15,009620,삼보산업,소재,2024-06-20
G15,009460,한창제지,소재,2024-06-20
G15,286750,나노브릭,소재,2024-06-20
G15,097870,효성오앤비,소재,2024-06-20
G15,017650,대림제지,소재,2024-06-20
G15,002220,한일철강,소재,2024-06-20
G15,021040,대호특수강,소재,2024-06-20
G15,247660,나노씨엠에스,소재,2024-06-20
G15,060380,동양에스텍,소재,2024-06-20
G15,352940,인바이오,소재,2024-06-20
G15,004450,삼화왕관,소재,2024-06-20
G15,285800,진영,소재,2024-06-20
G15,222420,쎄노텍,소재,2024-06-20
G15,037760,쎄니트,소재,2024-06-20
G15,294140,레몬,소재,2024-06-20
G15,037230,한국팩키지,소재,2024-06-20
G15,162300,신스틸,소재,2024-06-20
G15,051630,진양화학,소재,2024-06-20
G15,001550,조비,소재,2024-06-20
G15,000590,CS홀딩스,소재,2024-06-20
G15,155660,DSR,소재,2024-06-20
G15,001560,제일연마,소재,2024-06-20
G15,263920,휴엠앤씨,소재,2024-06-20
G15,012620,원일특강,소재,2024-06-20
G15,006740,영풍제지,소재,2024-06-20
G15,002820,SUN&L,소재,2024-06-20
G15,066430,와이오엠,소재,2024-06-20
G15,008370,원풍,소재,2024-06-20
G15,024070,WISCOM,소재,2024-06-20
G15,012160,영흥,소재,2024-06-20
G15,263770,유에스티,소재,2024-06-20
G15,140520,대창스틸,소재,2024-06-20
G15,091970,나노캠텍,소재,2024-06-20
G15,050760,에스폴리텍,소재,2024-06-20
G15,079170,한창산업,소재,2024-06-20
G15,003080,성보화학,소재,2024-06-20
G15,332290,누보,소재,2024-06-20
G15,008870,금비,소재,2024-06-20
G15,133820,화인베스틸,소재,2024-06-20
G15,001810,무림SP,소재,2024-06-20
G15,060480,국일신동,소재,2024-06-20
G15,002870,신풍,소재,2024-06-20
G15,007770,한일화학,소재,2024-06-20
G15,002690,동일제강,소재,2024-06-20
G15,340440,세림B&G,소재,2024-06-20
G15,048830,엔피케이,소재,2024-06-20
G15,191410,육일씨엔에쓰,소재,2024-06-20
G15,221980,케이디켐,소재,2024-06-20
G15,010420,한솔PNS,소재,2024-06-20
G15,054410,케이피티유,소재,2024-06-20
G15,196700,웹스,소재,2024-06-20
G15,005820,원림,소재,2024-06-20
G15,049830,승일,소재,2024-06-20
G15,000760,이화산업,소재,2024-06-20
G15,014970,삼륭물산,소재,2024-06-20
G15,026910,광진실업,소재,2024-06-20
G15,025890,한국주강,소재,2024-06-20
G15,001770,SHD,소재,2024-06-20
G15,115570,스타플렉스,소재,2024-06-20
G45,005930,삼성전자,IT,2024-06-20
G45,000660,SK하이닉스,IT,2024-06-20
G45,006400,삼성SDI,IT,2024-06-20
G45,373220,LG에너지솔루션,IT,2024-06-20
G45,066570,LG전자,IT,2024-06-20
G45,009150,삼성전기,IT,2024-06-20
G45,247540,에코프로비엠,IT,2024-06-20
G45,402340,SK스퀘어,IT,2024-06-20
G45,042700,한미반도체,IT,2024-06-20
G45,018260,삼성에스디에스,IT,2024-06-20
G45,011070,LG이노텍,IT,2024-06-20
G45,034220,LG디스플레이,IT,2024-06-20
G45,066970,엘앤에프,IT,2024-06-20
G45,058470,리노공업,IT,2024-06-20
G45,348370,엔켐,IT,2024-06-20
G45,007660,이수페타시스,IT,2024-06-20
G45,022100,포스코DX,IT,2024-06-20
G45,000990,DB하이텍,IT,2024-06-20
G45,039030,이오테크닉스,IT,2024-06-20
G45,377300,카카오페이,IT,2024-06-20
G45,078600,대주전자재료,IT,2024-06-20
G45,089030,테크윙,IT,2024-06-20
G45,005290,동진쎄미켐,IT,2024-06-20
G45,137400,피엔티,IT,2024-06-20
G45,357780,솔브레인,IT,2024-06-20
G45,036930,주성엔지니어링,IT,2024-06-20
G45,031980,피에스케이홀딩스,IT,2024-06-20
G45,020150,롯데에너지머티리얼즈,IT,2024-06-20
G45,240810,원익IPS,IT,2024-06-20
G45,450080,에코프로머티,IT,2024-06-20
G45,012510,더존비즈온,IT,2024-06-20
G45,178320,서진시스템,IT,2024-06-20
G45,067310,하나마이크론,IT,2024-06-20
G45,051980,중앙첨단소재,IT,2024-06-20
G45,307950,현대오토에버,IT,2024-06-20
G45,036830,솔브레인홀딩스,IT,2024-06-20
G45,361610,SK아이이테크놀로지,IT,2024-06-20
G45,108320,LX세미콘,IT,2024-06-20
G45,140860,파크시스템스,IT,2024-06-20
G45,248070,솔루엠,IT,2024-06-20
G45,403870,HPSP,IT,2024-06-20
G45,095340,ISC,IT,2024-06-20
G45,440110,파두,IT,2024-06-20
G45,084370,유진테크,IT,2024-06-20
G45,025320,시노펙스,IT,2024-06-20
G45,042000,카페24,IT,2024-06-20
G45,353200,대덕전자,IT,2024-06-20
G45,222080,씨아이에스,IT,2024-06-20
G45,319660,피에스케이,IT,2024-06-20
G45,098460,고영,IT,2024-06-20
G45,222800,심텍,IT,2024-06-20
G45,336260,두산퓨얼셀,IT,2024-06-20
G45,080220,제주반도체,IT,2024-06-20
G45,166090,하나머티리얼즈,IT,2024-06-20
G45,074600,원익QnC,IT,2024-06-20
G45,417200,LS머트리얼즈,IT,2024-06-20
G45,090460,비에이치,IT,2024-06-20
G45,183300,코미코,IT,2024-06-20
G45,064760,티씨케이,IT,2024-06-20
G45,101490,에스앤에스텍,IT,2024-06-20
G45,036810,에프에스티,IT,2024-06-20
G45,281820,케이씨텍,IT,2024-06-20
G45,272290,이녹스첨단소재,IT,2024-06-20
G45,317330,덕산테코피아,IT,2024-06-20
G45,348210,넥스틴,IT,2024-06-20
G45,059090,미코,IT,2024-06-20
G45,131970,두산테스나,IT,2024-06-20
G45,091120,이엠텍,IT,2024-06-20
G45,195870,해성디에스,IT,2024-06-20
G45,393890,더블유씨피,IT,2024-06-20
G45,365340,성일하이텍,IT,2024-06-20
G45,036540,SFA반도체,IT,2024-06-20
G45,213420,덕산네오룩스,IT,2024-06-20
G45,039440,에스티아이,IT,2024-06-20
G45,003160,디아이,IT,2024-06-20
G45,058970,엠로,IT,2024-06-20
G45,232140,와이씨,IT,2024-06-20
G45,009470,삼화전기,IT,2024-06-20
G45,046890,서울반도체,IT,2024-06-20
G45,030520,한글과컴퓨터,IT,2024-06-20
G45,181710,NHN,IT,2024-06-20
G45,204270,제이앤티씨,IT,2024-06-20
G45,053800,안랩,IT,2024-06-20
G45,394280,오픈엣지테크놀로지,IT,2024-06-20
G45,336370,솔루스첨단소재,IT,2024-06-20
G45,033240,자화전자,IT,2024-06-20
G45,079370,제우스,IT,2024-06-20
G45,082270,젬백스,IT,2024-06-20
G45,200710,에이디테크놀로지,IT,2024-06-20
G45,032500,케이엠더블유,IT,2024-06-20
G45,265520,AP시스템,IT,2024-06-20
G45,189300,인텔리안테크,IT,2024-06-20
G45,095610,테스,IT,2024-06-20
G45,091700,파트론,IT,2024-06-20
G45,161580,필옵틱스,IT,2024-06-20
G45,058610,에스피지,IT,2024-06-20
G45,399720,가온칩스,IT,2024-06-20
G45,001820,삼화콘덴서,IT,2024-06-20
G45,179900,유티아이,IT,2024-06-20
G45,278280,천보,IT,2024-06-20
G45,011930,신성이엔지,IT,2024-06-20
G45,097520,엠씨넥스,IT,2024-06-20
G45,126700,하이비젼시스템,IT,2024-06-20
G45,083450,GST,IT,2024-06-20
G45,094360,칩스앤미디어,IT,2024-06-20
G45,082920,비츠로셀,IT,2024-06-20
G45,049070,인탑스,IT,2024-06-20
G45,095500,미래나노텍,IT,2024-06-20
G45,122640,예스티,IT,2024-06-20
G45,051360,토비스,IT,2024-06-20
G45,050890,쏠리드,IT,2024-06-20
G45,102710,이엔에프테크놀로지,IT,2024-06-20
G45,445090,에이직랜드,IT,2024-06-20
G45,094170,동운아나텍,IT,2024-06-20
G45,123860,아나패스,IT,2024-06-20
G45,033640,네패스,IT,2024-06-20
G45,171090,선익시스템,IT,2024-06-20
G45,114190,강원에너지,IT,2024-06-20
G45,089970,브이엠,IT,2024-06-20
G45,218410,RFHIC,IT,2024-06-20
G45,441270,파인엠텍,IT,2024-06-20
G45,101160,월덱스,IT,2024-06-20
G45,148150,세경하이테크,IT,2024-06-20
G45,093320,케이아이엔엑스,IT,2024-06-20
G45,372170,윤성에프앤씨,IT,2024-06-20
G45,054450,텔레칩스,IT,2024-06-20
G45,086390,유니테스트,IT,2024-06-20
G45,110990,디아이티,IT,2024-06-20
G45,060720,KH바텍,IT,2024-06-20
G45,060250,NHN KCP,IT,2024-06-20
G45,064290,인텍플러스,IT,2024-06-20
G45,078150,HB테크놀러지,IT,2024-06-20
G45,036200,유니셈,IT,2024-06-20
G45,131290,티에스이,IT,2024-06-20
G45,114810,한솔아이원스,IT,2024-06-20
G45,192650,드림텍,IT,2024-06-20
G45,089980,상아프론테크,IT,2024-06-20
G45,378340,필에너지,IT,2024-06-20
G45,049470,SGA,IT,2024-06-20
G45,053610,프로텍,IT,2024-06-20
G45,299030,하나기술,IT,2024-06-20
G45,064260,다날,IT,2024-06-20
G45,083310,엘오티베큠,IT,2024-06-20
G45,425040,티이엠씨,IT,2024-06-20
G45,200470,에이팩트,IT,2024-06-20
G45,092220,KEC,IT,2024-06-20
G45,029530,신도리코,IT,2024-06-20
G45,102120,어보브반도체,IT,2024-06-20
G45,034310,NICE,IT,2024-06-20
G45,084850,아이티엠반도체,IT,2024-06-20
G45,297890,HB솔루션,IT,2024-06-20
G45,304100,솔트룩스,IT,2024-06-20
G45,035600,KG이니시스,IT,2024-06-20
G45,092070,디엔에프,IT,2024-06-20
G45,079810,디이엔티,IT,2024-06-20
G45,045390,대아티아이,IT,2024-06-20
G45,093640,케이알엠,IT,2024-06-20
G45,051370,인터플렉스,IT,2024-06-20
G45,029480,광무,IT,2024-06-20
G45,031330,에스에이엠티,IT,2024-06-20
G45,323280,태성,IT,2024-06-20
G45,061970,LB세미콘,IT,2024-06-20
G45,144960,뉴파워프라즈마,IT,2024-06-20
G45,108230,톱텍,IT,2024-06-20
G45,083930,아바코,IT,2024-06-20
G45,078350,한양디지텍,IT,2024-06-20
G45,047310,파워로직스,IT,2024-06-20
G45,298830,슈어소프트테크,IT,2024-06-20
G45,112290,와이씨켐,IT,2024-06-20
G45,029460,케이씨,IT,2024-06-20
G45,052400,코나아이,IT,2024-06-20
G45,033160,엠케이전자,IT,2024-06-20
G45,012030,DB,IT,2024-06-20
G45,079940,가비아,IT,2024-06-20
G45,045970,코아시아,IT,2024-06-20
G45,253590,네오셈,IT,2024-06-20
G45,122990,와이솔,IT,2024-06-20
G45,420770,기가비스,IT,2024-06-20
G45,007810,코리아써키트,IT,2024-06-20
G45,091580,상신이디피,IT,2024-06-20
G45,119830,아이텍,IT,2024-06-20
G45,092870,엑시콘,IT,2024-06-20
G45,071280,로체시스템즈,IT,2024-06-20
G45,416180,신성에스티,IT,2024-06-20
G45,004710,한솔테크닉스,IT,2024-06-20
G45,039980,폴라리스AI,IT,2024-06-20
G45,089890,코세스,IT,2024-06-20
G45,030530,원익홀딩스,IT,2024-06-20
G45,097800,윈팩,IT,2024-06-20
G45,190510,나무가,IT,2024-06-20
G45,024850,HLB이노베이션,IT,2024-06-20
G45,047560,이스트소프트,IT,2024-06-20
G45,382840,원준,IT,2024-06-20
G45,072770,율호,IT,2024-06-20
G45,321820,아티스트유나이티드,IT,2024-06-20
G45,053300,한국정보인증,IT,2024-06-20
G45,360070,탑머티리얼,IT,2024-06-20
G45,286940,롯데이노베이트,IT,2024-06-20
G45,160980,싸이맥스,IT,2024-06-20
G45,008060,대덕,IT,2024-06-20
G45,432720,퀄리타스반도체,IT,2024-06-20
G45,217820,원익피앤이,IT,2024-06-20
G45,131400,이브이첨단소재,IT,2024-06-20
G45,236200,슈프리마,IT,2024-06-20
G45,396270,넥스트칩,IT,2024-06-20
G45,054210,이랜텍,IT,2024-06-20
G45,243840,신흥에스이씨,IT,2024-06-20
G45,402030,코난테크놀로지,IT,2024-06-20
G45,011690,와이투솔루션,IT,2024-06-20
G45,389020,자람테크놀로지,IT,2024-06-20
G45,068790,DMS,IT,2024-06-20
G45,214180,헥토이노베이션,IT,2024-06-20
G45,077360,덕산하이메탈,IT,2024-06-20
G45,149950,아바텍,IT,2024-06-20
G45,315640,딥노이드,IT,2024-06-20
G45,073490,이노와이어리스,IT,2024-06-20
G45,417010,나노팀,IT,2024-06-20
G45,382800,지앤비에스 에코,IT,2024-06-20
G45,109740,디에스케이,IT,2024-06-20
G45,452430,사피엔반도체,IT,2024-06-20
G45,272110,케이엔제이,IT,2024-06-20
G45,230240,에치에프알,IT,2024-06-20
G45,096630,에스코넥,IT,2024-06-20
G45,033790,스카이문스테크놀로지,IT,2024-06-20
G45,091440,한울소재과학,IT,2024-06-20
G45,035510,신세계 I&C,IT,2024-06-20
G45,239890,피엔에이치테크,IT,2024-06-20
G45,452200,민테크,IT,2024-06-20
G45,040350,크레오에스지,IT,2024-06-20
G45,033230,인성정보,IT,2024-06-20
G45,042510,라온시큐어,IT,2024-06-20
G45,040910,아이씨디,IT,2024-06-20
G45,192440,슈피겐코리아,IT,2024-06-20
G45,039560,다산네트웍스,IT,2024-06-20
G45,252990,샘씨엔에스,IT,2024-06-20
G45,456010,아이씨티케이,IT,2024-06-20
G45,093520,매커스,IT,2024-06-20
G45,418420,라온텍,IT,2024-06-20
G45,085670,뉴프렉스,IT,2024-06-20
G45,052420,오성첨단소재,IT,2024-06-20
G45,136540,윈스,IT,2024-06-20
G45,131370,알서포트,IT,2024-06-20
G45,079960,동양이엔피,IT,2024-06-20
G45,172670,에이엘티,IT,2024-06-20
G45,451220,아이엠티,IT,2024-06-20
G45,046440,KG모빌리언스,IT,2024-06-20
G45,443670,에스피소프트,IT,2024-06-20
G45,259630,엠플러스,IT,2024-06-20
G45,000670,영풍,IT,2024-06-20
G45,277880,티에스아이,IT,2024-06-20
G45,045660,에이텍,IT,2024-06-20
G45,089850,유비벨록스,IT,2024-06-20
G45,412540,제일엠앤에스,IT,2024-06-20
G45,402490,그린리소스,IT,2024-06-20
G45,205100,엑셈,IT,2024-06-20
G45,211270,AP위성,IT,2024-06-20
G45,061040,알에프텍,IT,2024-06-20
G45,264450,유비쿼스,IT,2024-06-20
G45,063570,한국전자금융,IT,2024-06-20
G45,142210,유니트론텍,IT,2024-06-20
G45,138580,비즈니스온,IT,2024-06-20
G45,012600,청호ICT,IT,2024-06-20
G45,008700,아남전자,IT,2024-06-20
G45,065650,하이퍼코퍼레이션,IT,2024-06-20
G45,064240,홈캐스트,IT,2024-06-20
G45,107600,새빗켐,IT,2024-06-20
G45,094480,갤럭시아머니트리,IT,2024-06-20
G45,264660,씨앤지하이테크,IT,2024-06-20
G45,005680,삼영전자,IT,2024-06-20
G45,393210,토마토시스템,IT,2024-06-20
G45,080580,오킨스전자,IT,2024-06-20
G45,084730,팅크웨어,IT,2024-06-20
G45,049950,미래컴퍼니,IT,2024-06-20
G45,086960,MDS테크,IT,2024-06-20
G45,290550,디케이티,IT,2024-06-20
G45,073570,리튬포어스,IT,2024-06-20
G45,267320,나인테크,IT,2024-06-20
G45,219130,타이거일렉,IT,2024-06-20
G45,146320,비씨엔씨,IT,2024-06-20
G45,082850,우리바이오,IT,2024-06-20
G45,175140,휴먼테크놀로지,IT,2024-06-20
G45,425420,티에프이,IT,2024-06-20
G45,054620,APS,IT,2024-06-20
G45,262260,에이프로,IT,2024-06-20
G45,234340,헥토파이낸셜,IT,2024-06-20
G45,322310,오로스테크놀로지,IT,2024-06-20
G45,418620,이에이트,IT,2024-06-20
G45,143160,아이디스,IT,2024-06-20
G45,234300,에스트래픽,IT,2024-06-20
G45,141000,비아트론,IT,2024-06-20
G45,036010,아비코전자,IT,2024-06-20
G45,083500,에프엔에스테크,IT,2024-06-20
G45,138080,오이솔루션,IT,2024-06-20
G45,241790,티이엠씨씨엔에스,IT,2024-06-20
G45,078890,가온그룹,IT,2024-06-20
G45,069540,빛과전자,IT,2024-06-20
G45,365590,하이딥,IT,2024-06-20
G45,170920,엘티씨,IT,2024-06-20
G45,065680,우주일렉트로,IT,2024-06-20
G45,053450,세코닉스,IT,2024-06-20
G45,419080,엔젯,IT,2024-06-20
G45,038460,바이오스마트,IT,2024-06-20
G45,078070,유비쿼스홀딩스,IT,2024-06-20
G45,168360,펨트론,IT,2024-06-20
G45,255440,야스,IT,2024-06-20
G45,371950,풍원정밀,IT,2024-06-20
G45,294570,쿠콘,IT,2024-06-20
G45,187870,디바이스이엔지,IT,2024-06-20
G45,052710,아모텍,IT,2024-06-20
G45,330860,네패스아크,IT,2024-06-20
G45,088800,에이스테크,IT,2024-06-20
G45,052330,코텍,IT,2024-06-20
G45,050110,캠시스,IT,2024-06-20
G45,109070,주성코퍼레이션,IT,2024-06-20
G45,037460,삼지전자,IT,2024-06-20
G45,396470,워트,IT,2024-06-20
G45,036090,위지트,IT,2024-06-20
G45,082210,옵트론텍,IT,2024-06-20
G45,090470,제이스텍,IT,2024-06-20
G45,033170,시그네틱스,IT,2024-06-20
G45,077500,유니퀘스트,IT,2024-06-20
G45,290690,소룩스,IT,2024-06-20
G45,105330,케이엔더블유,IT,2024-06-20
G45,065130,탑엔지니어링,IT,2024-06-20
G45,300120,라온피플,IT,2024-06-20
G45,049550,잉크테크,IT,2024-06-20
G45,377480,마음AI,IT,2024-06-20
G45,095270,웨이브일렉트로,IT,2024-06-20
G45,010170,대한광통신,IT,2024-06-20
G45,053580,웹케시,IT,2024-06-20
G45,446540,메가터치,IT,2024-06-20
G45,038680,에스넷,IT,2024-06-20
G45,412350,레이저쎌,IT,2024-06-20
G45,004770,써니전자,IT,2024-06-20
G45,232680,라온테크,IT,2024-06-20
G45,059120,아진엑스텍,IT,2024-06-20
G45,254490,미래반도체,IT,2024-06-20
G45,332570,와이팜,IT,2024-06-20
G45,049520,유아이엘,IT,2024-06-20
G45,251630,브이원텍,IT,2024-06-20
G45,302430,이노메트리,IT,2024-06-20
G45,340360,다보링크,IT,2024-06-20
G45,347000,센코,IT,2024-06-20
G45,115160,휴맥스,IT,2024-06-20
G45,238090,앤디포스,IT,2024-06-20
G45,273640,와이엠텍,IT,2024-06-20
G45,405100,큐알티,IT,2024-06-20
G45,321370,센서뷰,IT,2024-06-20
G45,356860,티엘비,IT,2024-06-20
G45,025560,미래산업,IT,2024-06-20
G45,088130,동아엘텍,IT,2024-06-20
G45,098120,마이크로컨텍솔,IT,2024-06-20
G45,355150,코스텍시스,IT,2024-06-20
G45,066310,큐에스아이,IT,2024-06-20
G45,041460,한국전자인증,IT,2024-06-20
G45,217190,제너셈,IT,2024-06-20
G45,288620,에스퓨얼셀,IT,2024-06-20
G45,355390,크라우드웍스,IT,2024-06-20
G45,101390,아이엠,IT,2024-06-20
G45,049480,오픈베이스,IT,2024-06-20
G45,064480,브리지텍,IT,2024-06-20
G45,352910,오비고,IT,2024-06-20
G45,445180,퓨릿,IT,2024-06-20
G45,285490,노바텍,IT,2024-06-20
G45,155650,와이엠씨,IT,2024-06-20
G45,031820,콤텍시스템,IT,2024-06-20
G45,452190,한빛레이저,IT,2024-06-20
G45,417840,저스템,IT,2024-06-20
G45,042500,링네트,IT,2024-06-20
G45,333620,엔시스,IT,2024-06-20
G45,263600,덕우전자,IT,2024-06-20
G45,094970,제이엠티,IT,2024-06-20
G45,046970,우리로,IT,2024-06-20
G45,053980,오상자이엘,IT,2024-06-20
G45,417790,트루엔,IT,2024-06-20
G45,368770,파이버프로,IT,2024-06-20
G45,227950,엔투텍,IT,2024-06-20
G45,057680,티사이언티픽,IT,2024-06-20
G45,192250,케이사인,IT,2024-06-20
G45,307180,아이엘사이언스,IT,2024-06-20
G45,320000,윈텍,IT,2024-06-20
G45,052900,KX하이텍,IT,2024-06-20
G45,032790,엠젠솔루션,IT,2024-06-20
G45,033130,디지틀조선,IT,2024-06-20
G45,224110,에이텍모빌리티,IT,2024-06-20
G45,089790,제이티,IT,2024-06-20
G45,173130,오파스넷,IT,2024-06-20
G45,036710,심텍홀딩스,IT,2024-06-20
G45,096690,에이루트,IT,2024-06-20
G45,140070,서플러스글로벌,IT,2024-06-20
G45,370090,퓨런티어,IT,2024-06-20
G45,196450,코아시아씨엠,IT,2024-06-20
G45,049630,재영솔루텍,IT,2024-06-20
G45,290670,대보마그네틱,IT,2024-06-20
G45,396300,세아메카닉스,IT,2024-06-20
G45,054800,아이디스홀딩스,IT,2024-06-20
G45,043260,성호전자,IT,2024-06-20
G45,066670,디티씨,IT,2024-06-20
G45,417500,제이아이테크,IT,2024-06-20
G45,093920,서원인텍,IT,2024-06-20
G45,158430,아톤,IT,2024-06-20
G45,355690,에이텀,IT,2024-06-20
G45,150900,파수,IT,2024-06-20
G45,054920,한컴위드,IT,2024-06-20
G45,038060,루멘스,IT,2024-06-20
G45,092190,서울바이오시스,IT,2024-06-20
G45,056700,신화인터텍,IT,2024-06-20
G45,220180,핸디소프트,IT,2024-06-20
G45,031310,아이즈비전,IT,2024-06-20
G45,382480,지아이텍,IT,2024-06-20
G45,288980,모아데이타,IT,2024-06-20
G45,377030,맥스트,IT,2024-06-20
G45,424980,마이크로투나노,IT,2024-06-20
G45,360350,코셈,IT,2024-06-20
G45,041520,이엘씨,IT,2024-06-20
G45,347890,엠투아이,IT,2024-06-20
G45,054040,한국컴퓨터,IT,2024-06-20
G45,254120,자비스,IT,2024-06-20
G45,219420,링크제니시스,IT,2024-06-20
G45,032680,소프트센,IT,2024-06-20
G45,060230,소니드,IT,2024-06-20
G45,163730,핑거,IT,2024-06-20
G45,057540,옴니시스템,IT,2024-06-20
G45,093190,빅솔론,IT,2024-06-20
G45,017900,광전자,IT,2024-06-20
G45,274400,이노시뮬레이션,IT,2024-06-20
G45,092300,현우산업,IT,2024-06-20
G45,256630,포인트엔지니어링,IT,2024-06-20
G45,049080,기가레인,IT,2024-06-20
G45,147760,피엠티,IT,2024-06-20
G45,094940,푸른기술,IT,2024-06-20
G45,290740,액트로,IT,2024-06-20
G45,039420,케이엘넷,IT,2024-06-20
G45,242040,나무기술,IT,2024-06-20
G45,106080,하이소닉,IT,2024-06-20
G45,357580,아모센스,IT,2024-06-20
G45,340930,유일에너테크,IT,2024-06-20
G45,264850,이랜시스,IT,2024-06-20
G45,303030,지니틱스,IT,2024-06-20
G45,067920,이글루,IT,2024-06-20
G45,347770,핌스,IT,2024-06-20
G45,080000,에스엔유,IT,2024-06-20
G45,336060,웨이버스,IT,2024-06-20
G45,238490,힘스,IT,2024-06-20
G45,323350,다원넥스뷰,IT,2024-06-20
G45,376980,원티드랩,IT,2024-06-20
G45,039290,인포뱅크,IT,2024-06-20
G45,279600,미디어젠,IT,2024-06-20
G45,171010,램테크놀러지,IT,2024-06-20
G45,060850,영림원소프트랩,IT,2024-06-20
G45,452400,이닉스,IT,2024-06-20
G45,351330,이삭엔지니어링,IT,2024-06-20
G45,388790,라이콤,IT,2024-06-20
G45,072990,에이치시티,IT,2024-06-20
G45,033320,제이씨현시스템,IT,2024-06-20
G45,318020,포인트모바일,IT,2024-06-20
G45,051380,피씨디렉트,IT,2024-06-20
G45,036170,클라우드에어,IT,2024-06-20
G45,115440,우리넷,IT,2024-06-20
G45,263860,지니언스,IT,2024-06-20
G45,290090,트윔,IT,2024-06-20
G45,064850,에프앤가이드,IT,2024-06-20
G45,267850,아시아나IDT,IT,2024-06-20
G45,170790,파이오링크,IT,2024-06-20
G45,037330,인지디스플레,IT,2024-06-20
G45,271830,팸텍,IT,2024-06-20
G45,037950,엘컴텍,IT,2024-06-20
G45,042110,에스씨디,IT,2024-06-20
G45,032580,피델릭스,IT,2024-06-20
G45,303530,이노뎁,IT,2024-06-20
G45,411080,샌즈랩,IT,2024-06-20
G45,011230,삼화전자,IT,2024-06-20
G45,056360,코위버,IT,2024-06-20
G45,139670,키네마스터,IT,2024-06-20
G45,094840,슈프리마에이치큐,IT,2024-06-20
G45,131760,파인텍,IT,2024-06-20
G45,241770,메카로,IT,2024-06-20
G45,100030,인지소프트,IT,2024-06-20
G45,429270,시지트로닉스,IT,2024-06-20
G45,368600,아이씨에이치,IT,2024-06-20
G45,450520,인스웨이브시스템즈,IT,2024-06-20
G45,037030,파워넷,IT,2024-06-20
G45,069410,엔텔스,IT,2024-06-20
G45,197140,디지캡,IT,2024-06-20
G45,301300,바이브컴퍼니,IT,2024-06-20
G45,080520,오디텍,IT,2024-06-20
G45,376190,LB루셈,IT,2024-06-20
G45,240600,유진테크놀로지,IT,2024-06-20
G45,311320,지오엘리먼트,IT,2024-06-20
G45,317770,엑스페릭스,IT,2024-06-20
G45,065440,이루온,IT,2024-06-20
G45,073110,엘엠에스,IT,2024-06-20
G45,020180,대신정보통신,IT,2024-06-20
G45,050960,수산아이앤티,IT,2024-06-20
G45,087600,픽셀플러스,IT,2024-06-20
G45,060540,에스에이티,IT,2024-06-20
G45,140430,카티스,IT,2024-06-20
G45,025770,한국정보통신,IT,2024-06-20
G45,258610,케일럼,IT,2024-06-20
G45,322180,티라유텍,IT,2024-06-20
G45,032540,TJ미디어,IT,2024-06-20
G45,217500,러셀,IT,2024-06-20
G45,327260,RF머트리얼즈,IT,2024-06-20
G45,049120,파인디앤씨,IT,2024-06-20
G45,137080,나래나노텍,IT,2024-06-20
G45,115310,인포바인,IT,2024-06-20
G45,046310,백금T&A,IT,2024-06-20
G45,088280,쏘닉스,IT,2024-06-20
G45,039010,현대에이치티,IT,2024-06-20
G45,143540,영우디에스피,IT,2024-06-20
G45,340810,씨유박스,IT,2024-06-20
G45,356680,엑스게이트,IT,2024-06-20
G45,306620,네온테크,IT,2024-06-20
G45,052860,아이앤씨,IT,2024-06-20
G45,115610,이미지스,IT,2024-06-20
G45,189690,포시에스,IT,2024-06-20
G45,438700,버넥트,IT,2024-06-20
G45,015260,에이엔피,IT,2024-06-20
G45,002230,피에스텍,IT,2024-06-20
G45,033560,블루콤,IT,2024-06-20
G45,081580,성우전자,IT,2024-06-20
G45,072130,유엔젤,IT,2024-06-20
G45,078000,텔코웨어,IT,2024-06-20
G45,419120,산돌,IT,2024-06-20
G45,069510,에스텍,IT,2024-06-20
G45,263800,데이타솔루션,IT,2024-06-20
G45,020760,일진디스플,IT,2024-06-20
G45,004270,남성,IT,2024-06-20
G45,004920,씨아이테크,IT,2024-06-20
G45,189330,씨이랩,IT,2024-06-20
G45,377330,이지트로닉스,IT,2024-06-20
G45,067010,이씨에스,IT,2024-06-20
G45,100590,머큐리,IT,2024-06-20
G45,053350,이니텍,IT,2024-06-20
G45,317120,라닉스,IT,2024-06-20
G45,153490,우리이앤엘,IT,2024-06-20
G45,262840,아이퀘스트,IT,2024-06-20
G45,413640,비아이매트릭스,IT,2024-06-20
G45,263810,상신전자,IT,2024-06-20
G45,099390,브레인즈컴퍼니,IT,2024-06-20
G45,148930,에이치와이티씨,IT,2024-06-20
G45,193250,링크드,IT,2024-06-20
G45,009310,참엔지니어링,IT,2024-06-20
G45,012340,뉴인텍,IT,2024-06-20
G45,109080,옵티시스,IT,2024-06-20
G45,148780,비큐AI,IT,2024-06-20
G45,052600,한네트,IT,2024-06-20
G45,434480,모니터랩,IT,2024-06-20
G45,129890,앱코,IT,2024-06-20
G45,059100,아이컴포넌트,IT,2024-06-20
G45,010280,쌍용정보통신,IT,2024-06-20
G45,432470,케이엔에스,IT,2024-06-20
G45,052460,아이크래프트,IT,2024-06-20
G45,115500,케이씨에스,IT,2024-06-20
G45,187220,디티앤씨,IT,2024-06-20
G45,083470,이엠앤아이,IT,2024-06-20
G45,203450,유니온커뮤니티,IT,2024-06-20
G45,208710,바이오로그디바이스,IT,2024-06-20
G45,357880,비트나인,IT,2024-06-20
G45,367000,플래티어,IT,2024-06-20
G45,068100,케이웨더,IT,2024-06-20
G45,297570,알로이스,IT,2024-06-20
G45,225190,LK삼양,IT,2024-06-20
G45,177350,베셀,IT,2024-06-20
G45,131090,시큐브,IT,2024-06-20
G45,065370,위세아이텍,IT,2024-06-20
G45,039310,세중,IT,2024-06-20
G45,015710,코콤,IT,2024-06-20
G45,361670,삼영에스앤씨,IT,2024-06-20
G45,045510,정원엔시스,IT,2024-06-20
G45,032750,삼진,IT,2024-06-20
G45,224060,더코디,IT,2024-06-20
G45,031860,에스유홀딩스,IT,2024-06-20
G45,070300,엑스큐어,IT,2024-06-20
G45,083640,인콘,IT,2024-06-20
G45,076610,해성옵틱스,IT,2024-06-20
G45,184230,SGA솔루션즈,IT,2024-06-20
G45,037400,우리엔터프라이즈,IT,2024-06-20
G45,373200,엑스플러스,IT,2024-06-20
G45,006200,한국전자홀딩스,IT,2024-06-20
G45,075130,플랜티넷,IT,2024-06-20
G45,187270,신화콘텍,IT,2024-06-20
G45,054090,삼진엘앤디,IT,2024-06-20
G45,072950,빛샘전자,IT,2024-06-20
G45,391710,코닉오토메이션,IT,2024-06-20
G45,347860,알체라,IT,2024-06-20
G45,101400,엔시트론,IT,2024-06-20
G45,007120,미래아이앤지,IT,2024-06-20
G45,331380,포커스에이치엔에스,IT,2024-06-20
G45,123010,아이윈플러스,IT,2024-06-20
G45,079190,케스피온,IT,2024-06-20
G45,066900,디에이피,IT,2024-06-20
G45,054940,엑사이엔씨,IT,2024-06-20
G45,038950,파인디지털,IT,2024-06-20
G45,040160,누리플렉스,IT,2024-06-20
G45,148250,알엔투테크놀로지,IT,2024-06-20
G45,198080,엔피디,IT,2024-06-20
G45,115530,씨엔플러스,IT,2024-06-20
G45,014910,성문전자,IT,2024-06-20
G45,430690,한싹,IT,2024-06-20
G45,028080,휴맥스홀딩스,IT,2024-06-20
G45,296640,이노룰스,IT,2024-06-20
G45,351320,에스에이티이엔지,IT,2024-06-20
G45,062970,피피아이,IT,2024-06-20
G45,376290,씨유테크,IT,2024-06-20
G45,045300,성우테크론,IT,2024-06-20
G45,035460,기산텔레콤,IT,2024-06-20
G45,348350,위드텍,IT,2024-06-20
G45,063760,이엘피,IT,2024-06-20
G45,092600,앤씨앤,IT,2024-06-20
G45,121850,코이즈,IT,2024-06-20
G45,290270,휴네시온,IT,2024-06-20
G45,016920,카스,IT,2024-06-20
G45,276040,스코넥,IT,2024-06-20
G45,232830,시큐센,IT,2024-06-20
G45,258790,소프트캠프,IT,2024-06-20
G45,417860,오브젠,IT,2024-06-20
G45,001210,금호전기,IT,2024-06-20
G45,356890,싸이버원,IT,2024-06-20
G45,208350,지란지교시큐리티,IT,2024-06-20
G45,091340,S&K폴리텍,IT,2024-06-20
G45,290520,신도기연,IT,2024-06-20
G45,131180,딜리,IT,2024-06-20
G45,380540,옵티코어,IT,2024-06-20
G45,064520,테크엘,IT,2024-06-20
G45,065770,CS,IT,2024-06-20
G45,079970,투비소프트,IT,2024-06-20
G45,137940,넥스트아이,IT,2024-06-20
G45,044380,주연테크,IT,2024-06-20
G45,089150,케이씨티,IT,2024-06-20
G45,312610,에이에프더블류,IT,2024-06-20
G45,307870,비투엔,IT,2024-06-20
G45,332370,아이디피,IT,2024-06-20
G45,085810,알티캐스트,IT,2024-06-20
G45,215790,이노인스트루먼트,IT,2024-06-20
G45,079950,인베니아,IT,2024-06-20
G45,153460,네이블,IT,2024-06-20
G45,054220,비츠로시스,IT,2024-06-20
G45,016670,디모아,IT,2024-06-20
G45,452160,제이엔비,IT,2024-06-20
G45,027040,서울전자통신,IT,2024-06-20
G45,333050,모코엠시스,IT,2024-06-20
G45,017250,인터엠,IT,2024-06-20
G45,250930,예선테크,IT,2024-06-20
G45,106240,파인테크닉스,IT,2024-06-20
G45,291810,핀텔,IT,2024-06-20
G45,328380,솔트웨어,IT,2024-06-20
G45,069330,유아이디,IT,2024-06-20
G45,009140,경인전자,IT,2024-06-20
G45,373170,엠아이큐브솔루션,IT,2024-06-20
G45,169330,엠브레인,IT,2024-06-20
G45,096870,엘디티,IT,2024-06-20
G45,073540,에프알텍,IT,2024-06-20
G45,001000,신라섬유,IT,2024-06-20
G45,032960,동일기연,IT,2024-06-20
G45,070590,한솔인티큐브,IT,2024-06-20
G45,043590,웰킵스하이텍,IT,2024-06-20
G45,127980,화인써키트,IT,2024-06-20
G45,067770,세진티에스,IT,2024-06-20
G45,043360,디지아이,IT,2024-06-20
G45,067730,로지시스,IT,2024-06-20
G45,321260,프로이천,IT,2024-06-20
G45,424760,벨로크,IT,2024-06-20
G45,275630,에스에스알,IT,2024-06-20
G45,192410,휴림네트웍스,IT,2024-06-20
G45,019490,하이트론,IT,2024-06-20
G45,372800,아이티아이즈,IT,2024-06-20
G45,290560,신시웨이,IT,2024-06-20
G45,065690,파커스,IT,2024-06-20
G45,033200,모아텍,IT,2024-06-20
